date,open,high,low,close,move,abs_move,st_dev,avg_move,st_dev_move,pct_move,abs_pct_move,st_dev_pct,st_dev_pct_move,diff,avg_diff,avg_diff_multiple,2_st_dev_move,3_st_dev_move,2_st_dev_pct_move,3_st_dev_pct_move,2_mean_diff,3_mean_diff,2_st_dev_move_price,3_st_dev_move_price,2_st_dev_pct_move_price,3_st_dev_pct_move_price,2_mean_diff_move_price,3_mean_diff_move_price
2005-08-11,437.0,446.8,436.8,445.3,8.5,8.5,3.1343552183090555,2.4174603174603195,2.7118815220266073,0.01945970695970696,0.01945970695970696,0.00734880788309273,2.6480086660691673,10.0,4.747222222222224,2.1064950263311872,1,0,1,0,1,0,445.3,,445.3,,445.3,
2005-09-01,434.8,444.8,434.3,442.8,8.199999999999989,8.199999999999989,3.097839223442222,2.3738095238095256,2.647006319097608,0.01886792452830186,0.01886792452830186,0.007208493166191699,2.6174575037115453,10.5,4.72936507936508,2.2201711696593383,1,0,1,0,1,0,442.8,,442.8,,442.8,
2005-09-19,458.8,468.1,458.2,463.8,4.5,4.5,3.1121797672916984,2.399603174603176,1.4459318986949201,0.009797517962116264,0.009797517962116264,0.0072117365514631025,1.3585518400736039,9.900000000000034,4.7547619047619065,2.082123184777172,0,0,0,0,1,0,,,,,463.8,
2005-09-22,472.3,475.0,462.8,465.2,-6.400000000000034,6.400000000000034,3.1445661354721017,2.409126984126986,2.0352569239378346,-0.013570822731128146,0.013570822731128146,0.007256852266008918,1.870070139734531,12.199999999999989,4.795238095238098,2.5441906653425983,1,0,0,0,1,0,465.2,,,,465.2,
2005-10-12,475.3,480.0,469.7,470.8,-4.5,4.5,3.1795078333928872,2.449603174603177,1.4153133867885461,-0.009467704607616242,0.009467704607616242,0.007285653615137317,1.299499689080099,10.300000000000011,4.872222222222223,2.1140250855188163,0,0,0,0,1,0,,,,,470.8,
2005-11-16,468.6,478.8,467.8,478.7,10.399999999999977,10.399999999999977,3.3271485973970014,2.5373015873015894,3.125799673671452,0.02220798633354682,0.02220798633354682,0.00752859665256671,2.9498175235587225,11.0,4.939682539682541,2.226863753213367,1,1,1,0,1,0,478.7,478.7,478.7,,478.7,
2005-12-01,491.5,504.2,490.3,503.8,5.300000000000011,5.300000000000011,3.385645739298393,2.578174603174605,1.5654325372796771,0.010631895687061207,0.010631895687061207,0.007625124501804409,1.394324208679514,13.899999999999977,5.032539682539682,2.762024917205484,0,0,0,0,1,0,,,,,503.8,
2005-12-09,520.7,530.2,519.2,525.7,5.5,5.5,3.3364867222321917,2.5638888888888913,1.648440547762877,0.01057285659361784,0.01057285659361784,0.007485787708991533,1.4123906534135722,11.0,5.015079365079366,2.193385029276784,0,0,0,0,1,0,,,,,525.7,
2005-12-12,528.2,540.5,526.2,527.2,1.5,1.5,3.330098482533311,2.5575396825396854,0.4504371290722017,0.0028533384059349436,0.0028533384059349436,0.007470388184921599,0.3819531643207225,14.299999999999955,5.050000000000001,2.831683168316822,0,0,0,0,1,0,,,,,527.2,
2005-12-13,526.2,529.2,517.1,517.1,-10.100000000000023,10.100000000000023,3.3813650744407524,2.5773809523809548,2.986959342646689,-0.019157814871016733,0.019157814871016733,0.007543253379466551,2.5397284046120094,12.100000000000023,5.076190476190478,2.3836772983114485,1,0,1,0,1,0,517.1,,517.1,,517.1,
2005-12-14,513.7,516.0,504.6,505.1,-12.0,12.0,3.459630567936907,2.609920634920637,3.468578440488228,-0.023206343067105006,0.023206343067105006,0.0076696103231696025,3.025752559683446,11.399999999999977,5.103174603174603,2.2339035769828883,1,1,1,1,1,0,505.1,505.1,505.1,505.1,505.1,
2005-12-16,497.7,507.0,492.8,502.7,1.5,1.5,3.4413537738990105,2.591666666666669,0.4358749778580651,0.0029928172386272946,0.0029928172386272946,0.007620191805077301,0.3927482818258188,14.199999999999989,5.143253968253969,2.760898078851938,0,0,0,0,1,0,,,,,502.7,
2005-12-20,503.6,507.8,491.3,492.1,-11.399999999999977,11.399999999999977,3.508679826348108,2.618253968253971,3.2490852868343034,-0.022641509433962217,0.022641509433962217,0.007734995986247473,2.9271520598353193,16.5,5.208730158730159,3.1677586469602317,1,1,1,0,1,1,492.1,492.1,492.1,,492.1,492.1
2005-12-22,495.0,504.2,493.2,504.0,9.699999999999989,9.699999999999989,3.558054183558205,2.653968253968256,2.7262091861399305,0.019623710297390226,0.019623710297390226,0.007824554617679762,2.5079651502527693,11.0,5.245238095238096,2.097140263277349,1,0,1,0,1,0,504.0,,504.0,,504.0,
2006-01-03,519.2,534.6,518.5,533.6,17.300000000000068,17.300000000000068,3.693127645263801,2.7047619047619067,4.6843764044240945,0.033507650590741955,0.033507650590741955,0.008004097417714264,4.186312190127086,16.100000000000023,5.273412698412699,3.053051395891343,1,1,1,1,1,1,533.6,533.6,533.6,533.6,533.6,533.6
2006-01-05,534.0,534.0,522.1,524.7,-8.899999999999977,8.899999999999977,3.7216347482684817,2.7162698412698436,2.3914222114732695,-0.016679160419790062,0.016679160419790062,0.008035280925314858,2.0757407954764817,11.899999999999977,5.31984126984127,2.2369088467850173,1,0,1,0,1,0,524.7,,524.7,,524.7,
2006-01-06,524.0,539.7,522.7,539.2,14.5,14.5,3.8222582995948713,2.7650793650793672,3.7935688442450064,0.02763483895559367,0.02763483895559367,0.008200276126445357,3.3699888307996253,17.0,5.355555555555555,3.174273858921162,1,1,1,1,1,1,539.2,539.2,539.2,539.2,539.2,539.2
2006-01-09,539.2,551.1,535.0,547.7,8.5,8.5,3.855495970005633,2.7960317460317485,2.204645022618862,0.015764094955489614,0.015764094955489614,0.008252496523552299,1.9102213385367095,16.100000000000023,5.407539682539682,2.977324429441554,1,0,0,0,1,0,547.7,,,,547.7,
2006-01-13,544.2,557.2,544.2,556.7,11.700000000000045,11.700000000000045,3.9493655967713046,2.8638888888888916,2.962501119056959,0.021467889908256963,0.021467889908256963,0.008385627306006366,2.560081568719394,13.0,5.489285714285715,2.368249837345478,1,0,1,0,1,0,556.7,,556.7,,556.7,
2006-01-18,555.7,557.0,542.1,542.5,-11.700000000000045,11.700000000000045,4.026148171025058,2.9095238095238125,2.906003331969082,-0.021111512089498456,0.021111512089498456,0.008503601210808683,2.4826554733851136,14.899999999999977,5.565873015873016,2.677028375873374,1,0,1,0,1,0,542.5,,542.5,,542.5,
2006-01-19,540.5,558.7,540.2,557.2,14.700000000000045,14.700000000000045,4.12455793016282,2.9674603174603202,3.5640183139383748,0.02709677419354847,0.02709677419354847,0.008660526727035895,3.1287674580992215,18.5,5.619047619047619,3.2923728813559325,1,1,1,1,1,1,557.2,557.2,557.2,557.2,557.2,557.2
2006-01-20,560.7,567.6,552.1,554.0,-3.2000000000000455,3.2000000000000455,4.130284855557526,2.976587301587305,0.7747649646232678,-0.005743000717875171,0.005743000717875171,0.008668940533607849,0.6624801145665539,15.5,5.6682539682539685,2.7345281433772053,0,0,0,0,1,0,,,,,554.0,
2006-02-07,568.2,571.2,546.2,548.7,-19.899999999999977,19.899999999999977,4.329485964070587,3.0543650793650827,4.596388616372827,-0.034998241294407276,0.034998241294407276,0.008895706710926559,3.934284529796726,25.0,5.907539682539683,4.23188016390139,1,1,1,1,1,1,548.7,548.7,548.7,548.7,548.7,548.7
2006-02-09,552.5,566.5,552.5,564.7,15.100000000000023,15.100000000000023,4.424869978306999,3.1130952380952412,3.4125296503689446,0.02747452692867544,0.02747452692867544,0.009046834920621269,3.0369214393478394,14.0,5.966269841269841,2.346524775523778,1,1,1,1,1,0,564.7,564.7,564.7,564.7,564.7,
2006-02-10,567.7,568.2,546.2,550.5,-14.200000000000045,14.200000000000045,4.515479587305284,3.1519841269841304,3.144737945427015,-0.025146095271825826,0.025146095271825826,0.009179221486412016,2.739458385337966,22.0,6.025793650793651,3.6509713533091865,1,1,1,0,1,1,550.5,550.5,550.5,,550.5,550.5
2006-02-13,548.6,551.2,538.1,540.0,-10.5,10.5,4.565622669315303,3.18134920634921,2.2997958352030574,-0.01907356948228883,0.01907356948228883,0.009258389511025804,2.0601390187325928,13.100000000000023,6.0547619047619055,2.1635863153755444,1,0,1,0,1,0,540.0,,540.0,,540.0,
2006-02-14,537.6,547.5,534.6,547.0,7.0,7.0,4.575248072861587,3.189285714285718,1.5299716842723792,0.012962962962962963,0.012962962962962963,0.009263616242671772,1.3993415339519981,12.899999999999977,6.084920634920635,2.1199947828355254,0,0,0,0,1,0,,,,,547.0,
2006-02-16,537.7,549.0,535.2,548.7,9.200000000000045,9.200000000000045,4.635109443124037,3.2531746031746067,1.9848506519404423,0.017052826691380994,0.017052826691380994,0.009363578141352752,1.8211869900535034,13.799999999999955,6.1571428571428575,2.241299303944308,0,0,0,0,1,0,,,,,548.7,
2006-02-24,547.0,559.5,547.0,558.5,9.399999999999977,9.399999999999977,4.666882583697837,3.296428571428575,2.0141925217565304,0.017118921872154393,0.017118921872154393,0.009384748083252088,1.8241216194928687,12.5,6.243650793650793,2.002033812126605,1,0,0,0,1,0,558.5,,,,558.5,
2006-03-06,566.1,568.0,551.5,554.5,-10.200000000000045,10.200000000000045,4.766591293236412,3.3853174603174634,2.1398939771642276,-0.018062688153001674,0.018062688153001674,0.009522326255433792,1.8968776818263748,16.5,6.349603174603174,2.598587588275733,1,0,0,0,1,0,554.5,,,,554.5,
2006-03-08,553.0,553.7,538.0,542.5,-9.600000000000023,9.600000000000023,4.799077987370984,3.4083333333333363,2.0003842457369743,-0.01738815431986963,0.01738815431986963,0.009563662234681861,1.8181480998788173,15.700000000000045,6.414285714285715,2.447661469933192,1,0,0,0,1,0,542.5,,,,542.5,
2006-03-14,546.2,552.0,538.2,550.5,5.2999999999999545,5.2999999999999545,4.819530579621315,3.4456349206349235,1.0996921613922805,0.009721203228173063,0.009721203228173063,0.009587656110662526,1.0139290683738664,13.799999999999955,6.518650793650793,2.1170024958909046,0,0,0,0,1,0,,,,,550.5,
2006-03-29,563.2,573.7,560.0,572.7,9.100000000000023,9.100000000000023,4.862042058818906,3.499206349206353,1.8716415633415164,0.016146202980837514,0.016146202980837514,0.009600103794631908,1.6818779594722706,13.700000000000045,6.6841269841269835,2.049631916409411,0,0,0,0,1,0,,,,,572.7,
2006-03-30,573.0,589.1,571.0,588.0,15.299999999999955,15.299999999999955,4.948225393767372,3.5500000000000034,3.092017598727687,0.026715557883708666,0.026715557883708666,0.009729192648400786,2.745917246083104,18.100000000000023,6.742857142857142,2.684322033898309,1,1,1,0,1,0,588.0,588.0,588.0,,588.0,
2006-04-03,572.2,591.2,572.2,587.7,4.2000000000000455,4.2000000000000455,4.95705403911713,3.56666666666667,0.8472774286616575,0.007197943444730155,0.007197943444730155,0.009734468536644355,0.7394284975737786,19.0,6.823412698412699,2.7845303867403315,0,0,0,0,1,0,,,,,587.7,
2006-04-19,621.6,642.1,621.0,639.0,17.799999999999955,17.799999999999955,5.289249650044383,3.8289682539682586,3.365316666391535,0.028654217643271012,0.028654217643271012,0.010158244052186249,2.820784526938401,21.100000000000023,7.098412698412698,2.972495527728089,1,1,1,0,1,0,639.0,639.0,639.0,,639.0,
2006-04-20,639.2,645.2,607.5,613.2,-25.799999999999955,25.799999999999955,5.54862130168021,3.929761904761909,4.649803725510571,-0.04037558685446002,0.04037558685446002,0.01049664199986271,3.846524141243277,37.700000000000045,7.231349206349207,5.213411622674648,1,1,1,1,1,1,613.2,613.2,613.2,613.2,613.2,613.2
2006-04-21,613.1,634.2,610.1,633.5,20.299999999999955,20.299999999999955,5.681973297986693,4.0035714285714326,3.5727024636305313,0.03310502283105015,0.03310502283105015,0.010678968751877248,3.100020573169169,24.100000000000023,7.313095238095238,3.2954582451570924,1,1,1,1,1,1,633.5,633.5,633.5,633.5,633.5,633.5
2006-04-24,638.5,639.5,619.0,619.6,-13.899999999999977,13.899999999999977,5.7564762991596155,4.051190476190481,2.414671628549783,-0.021941594317284888,0.021941594317284888,0.010779690715581458,2.0354567581024847,20.5,7.379365079365079,2.7780167778016778,1,0,1,0,1,0,619.6,,619.6,,619.6,
2006-04-25,619.7,634.6,618.2,630.2,10.600000000000023,10.600000000000023,5.78974663773246,4.092857142857147,1.830822773991279,0.017107811491284736,0.017107811491284736,0.010824268437122078,1.58050510209199,16.399999999999977,7.434126984126984,2.206042489591115,0,0,0,0,1,0,,,,,630.2,
2006-04-27,639.6,643.2,627.5,633.2,-5.5,5.5,5.81406449750558,4.122222222222226,0.9459819378267434,-0.008611241584468451,0.008611241584468451,0.010842895616308764,0.794182835396507,15.700000000000045,7.511507936507938,2.0901262612922027,0,0,0,0,1,0,,,,,633.2,
2006-04-28,633.6,655.5,633.6,653.7,20.5,20.5,5.943591303922278,4.198809523809529,3.4490931411235657,0.03237523689197726,0.03237523689197726,0.011011437530355946,2.9401462618051766,21.899999999999977,7.58452380952381,2.887458797676971,1,1,1,0,1,0,653.7,653.7,653.7,,653.7,
2006-05-02,654.2,669.1,652.5,668.7,14.200000000000045,14.200000000000045,5.9875264004536835,4.2238095238095275,2.371597058665844,0.021695951107715883,0.021695951107715883,0.011041100793921387,1.9650170316043543,16.600000000000023,7.642857142857143,2.171962616822433,1,0,0,0,1,0,668.7,,,,668.7,
2006-05-03,668.7,677.0,657.7,664.0,-4.7000000000000455,4.7000000000000455,5.995433452675579,4.234920634920639,0.7839299755554086,-0.007028562883206289,0.007028562883206289,0.011048173837728515,0.6361741756094009,19.299999999999955,7.7023809523809526,2.5057187017001485,0,0,0,0,1,0,,,,,664.0,
2006-05-04,662.7,680.2,660.7,679.7,15.700000000000045,15.700000000000045,6.067009138461033,4.291269841269846,2.5877660049120235,0.02364457831325308,0.02364457831325308,0.011132950553270677,2.123837539753259,19.5,7.765873015873016,2.510986203372509,1,0,1,0,1,0,679.7,,679.7,,679.7,
2006-05-09,679.7,700.6,677.7,699.7,21.5,21.5,6.207015979203797,4.388095238095242,3.4638222411597375,0.03170156296077853,0.03170156296077853,0.01128082999839058,2.8102154686580105,22.899999999999977,7.904761904761905,2.896987951807226,1,1,1,0,1,0,699.7,699.7,699.7,,699.7,
2006-05-10,700.5,709.2,693.2,708.7,9.0,9.0,6.226866692845807,4.421825396825401,1.4453497150244619,0.012862655423753037,0.012862655423753037,0.011301263935484617,1.1381607842434187,16.0,7.95952380952381,2.0101705055339516,0,0,0,0,1,0,,,,,708.7,
2006-05-11,707.5,726.2,704.2,713.7,5.0,5.0,6.23161873013132,4.438492063492067,0.8023597425535426,0.007055171440666008,0.007055171440666008,0.01130558711089443,0.62404290652605,22.0,8.033333333333333,2.7385892116182573,0,0,0,0,1,0,,,,,713.7,
2006-05-12,712.6,729.7,707.7,714.2,0.5,0.5,6.216287105996446,4.417460317460322,0.08043386534024188,0.0007005744710662743,0.0007005744710662743,0.011262258844592019,0.062205502531375446,22.0,8.09404761904762,2.718046771584056,0,0,0,0,1,0,,,,,714.2,
2006-05-15,712.7,719.7,676.1,679.5,-34.700000000000045,34.700000000000045,6.612186375455381,4.5492063492063535,5.247885953246479,-0.048585830299636014,0.048585830299636014,0.01170200778550852,4.151922575184364,43.60000000000002,8.251587301587302,5.283831874579208,1,1,1,1,1,1,679.5,679.5,679.5,679.5,679.5,679.5
2006-05-16,678.1,692.7,674.5,687.7,8.200000000000045,8.200000000000045,6.626751643830991,4.579365079365084,1.2374086793540287,0.012067696835908824,0.012067696835908824,0.011717190465292635,1.0299138579042835,18.200000000000045,8.313492063492063,2.1892124105011987,0,0,0,0,1,0,,,,,687.7,
2006-05-17,686.1,716.5,684.7,686.7,-1.0,1.0,6.626872922353388,4.57976190476191,0.150900735794534,-0.0014541224371092045,0.0014541224371092045,0.011716281873748288,0.12411125413151228,31.799999999999955,8.427380952380954,3.773414324057064,0,0,0,0,1,1,,,,,686.7,686.7
2006-05-19,683.0,688.2,650.6,657.2,-27.5,27.5,6.867380314371505,4.682142857142863,4.004438190564486,-0.040163575288447495,0.040163575288447495,0.01201119203518004,3.3438459039544837,37.60000000000002,8.61031746031746,4.3668540879343745,1,1,1,1,1,1,657.2,657.2,657.2,657.2,657.2,657.2
2006-05-22,655.1,660.6,636.1,655.3,-1.900000000000091,1.900000000000091,6.865214669115968,4.677777777777784,0.27675755115822964,-0.002891052951917363,0.002891052951917363,0.01200149777682031,0.24089101257854184,24.5,8.690079365079365,2.8193068176629072,0,0,0,0,1,0,,,,,655.3,
2006-05-23,656.7,674.5,650.7,666.1,10.800000000000068,10.800000000000068,6.892302072831013,4.717460317460323,1.5669655633018371,0.01648100106821314,0.01648100106821314,0.012034305730049901,1.3695016096408246,23.799999999999955,8.7765873015873,2.7117601844734773,0,0,0,0,1,0,,,,,666.1,
2006-05-24,665.7,669.6,635.6,642.1,-24.0,24.0,7.069742818332166,4.807142857142863,3.3947486657883656,-0.036030626032127304,0.036030626032127304,0.012269301269533885,2.936648570330209,34.0,8.897619047619047,3.8212469895638215,1,1,1,0,1,1,642.1,642.1,642.1,,642.1,642.1
2006-05-31,652.2,659.5,638.2,642.7,-9.799999999999955,9.799999999999955,7.108299056802092,4.858333333333338,1.3786701884218158,-0.015019157088122535,0.015019157088122535,0.012312311755743604,1.2198486674215512,21.299999999999955,9.096031746031745,2.3416804816333605,0,0,0,0,1,0,,,,,642.7,
2006-06-01,643.1,645.2,620.7,628.5,-14.200000000000045,14.200000000000045,7.168887471203628,4.90555555555556,1.9807815448407258,-0.0220942897152638,0.0220942897152638,0.012395538822303681,1.7824388299691218,24.5,9.18095238095238,2.6685684647302907,0,0,0,0,1,0,,,,,628.5,
2006-06-02,629.1,638.7,618.7,637.7,9.200000000000045,9.200000000000045,7.1784124119181785,4.91507936507937,1.2816204297102607,0.014638027048528315,0.014638027048528315,0.012387700301943739,1.1816581521778888,20.0,9.231349206349206,2.1665305420625027,0,0,0,0,1,0,,,,,637.7,
2006-06-08,626.6,626.7,607.1,613.2,-13.5,13.5,7.2475922727466076,4.985714285714291,1.8626875646364043,-0.0215414073719483,0.0215414073719483,0.012486146851729225,1.725224573100788,19.600000000000023,9.40436507936508,2.0841385712477343,0,0,0,0,1,0,,,,,613.2,
2006-06-13,604.1,604.1,560.5,565.5,-38.700000000000045,38.700000000000045,7.674156790476985,5.155158730158735,5.042899312146404,-0.06405163853028806,0.06405163853028806,0.01316852675787716,4.863994257518108,43.60000000000002,9.612301587301587,4.535854353300585,1,1,1,1,1,1,565.5,565.5,565.5,565.5,565.5,565.5
2006-06-14,564.5,570.7,542.5,558.2,-7.2999999999999545,7.2999999999999545,7.688536472435162,5.176587301587307,0.949465483603,-0.01290893015030938,0.01290893015030938,0.013193742284878967,0.978413089446502,28.200000000000045,9.717460317460317,2.9019928128062773,0,0,0,0,1,0,,,,,558.2,
2006-06-15,559.7,578.2,553.7,576.2,18.0,18.0,7.7664481120874225,5.240079365079371,2.3176617856991077,0.03224650662844858,0.03224650662844858,0.01333655759830174,2.4179033000655887,24.5,9.798809523809522,2.5003037298019684,1,0,1,0,1,0,576.2,,576.2,,576.2,
2006-07-11,623.1,643.2,621.2,640.2,17.0,17.0,8.119301693020969,5.65119047619048,2.0937761205021523,0.0272785622593068,0.0272785622593068,0.013851340920445083,1.9693806120274355,22.0,10.496031746031743,2.0960302457466926,1,0,0,0,1,0,640.2,,,,640.2,
2006-07-17,670.1,676.0,640.6,642.6,-21.0,21.0,8.285252710513781,5.789285714285717,2.534623955809039,-0.03164556962025317,0.03164556962025317,0.01405952862410875,2.2508272123710134,35.39999999999998,10.749999999999998,3.293023255813952,1,0,1,0,1,1,642.6,,642.6,,642.6,642.6
2006-07-18,643.5,654.0,627.6,630.5,-12.100000000000023,12.100000000000023,8.325072921682507,5.835317460317464,1.453440722241097,-0.018829754123871806,0.018829754123871806,0.014118154085439556,1.3337263504788812,26.399999999999977,10.844841269841268,2.434337151011744,0,0,0,0,1,0,,,,,630.5,
2006-07-19,632.5,645.6,617.2,642.2,11.700000000000045,11.700000000000045,8.352328682607677,5.877777777777781,1.4008069419446258,0.018556701030927908,0.018556701030927908,0.014155561326013833,1.3109124112814976,28.399999999999977,10.945238095238095,2.59473569719382,0,0,0,0,1,0,,,,,642.2,
2006-09-11,608.7,608.7,583.0,588.7,-21.5,21.5,8.89364273215648,6.48650793650794,2.4174571261180855,-0.03523434939364142,0.03523434939364142,0.014867507331701132,2.369889491731626,25.700000000000045,12.184126984126983,2.1093017196456527,1,0,1,0,1,0,588.7,,588.7,,588.7,
2006-10-02,598.2,603.6,578.1,594.7,-3.0,3.0,9.008865304914073,6.602380952380955,0.3330053118191908,-0.005019240421616195,0.005019240421616195,0.015010315621090892,0.33438606810930044,25.5,12.499603174603173,2.040064763960761,0,0,0,0,1,0,,,,,594.7,
2007-02-27,686.3,688.1,657.7,664.6,-21.5,21.5,9.237367198525085,6.803174603174606,2.3275030144339035,-0.03133653986299373,0.03133653986299373,0.014753778280671904,2.123967113159479,30.399999999999977,13.138095238095238,2.3138818412468267,1,0,1,0,1,0,664.6,,664.6,,664.6,
2007-08-16,667.0,667.6,641.6,652.1,-14.899999999999977,14.899999999999977,6.7621780244778416,5.0305555555555586,2.203432081507573,-0.022338830584707613,0.022338830584707613,0.010632674352917657,2.1009606655147612,26.0,9.73492063492063,2.6707973259416287,1,0,1,0,1,0,652.1,,652.1,,652.1,
2007-10-02,746.4,746.9,724.2,731.1,-16.0,16.0,6.367350692474367,4.794047619047624,2.5128190314553516,-0.021416142417347076,0.021416142417347076,0.009742639391187519,2.198186913981293,22.699999999999932,9.379365079365078,2.420206464714835,1,0,1,0,1,0,731.1,,731.1,,731.1,
2007-10-22,766.4,768.2,745.0,753.8,-11.0,11.0,6.395269399225807,4.818253968253973,1.7200213647499554,-0.01438284518828452,0.01438284518828452,0.009633898388229258,1.492941341986495,23.200000000000045,9.530158730158732,2.434377081945374,0,0,0,0,1,0,,,,,753.8,
2007-10-31,777.7,797.0,776.5,796.1,16.800000000000068,16.800000000000068,6.571320880189585,4.947222222222227,2.5565636355769286,0.02155780828949066,0.02155780828949066,0.009783107539367265,2.203574702899048,20.5,9.56626984126984,2.1429460322727842,1,0,1,0,1,0,796.1,,796.1,,796.1,
2007-11-02,790.0,807.6,787.6,806.3,17.899999999999977,17.899999999999977,6.657021527874846,5.011904761904767,2.688890207887653,0.022704211060375415,0.022704211060375415,0.009859493264175612,2.30277666935186,20.0,9.622222222222224,2.07852193995381,1,0,1,0,1,0,806.3,,806.3,,806.3,
2007-11-07,824.3,845.4,822.2,829.1,5.2000000000000455,5.2000000000000455,6.629896259391655,4.989285714285719,0.7843259979571967,0.006311445563782068,0.006311445563782068,0.009740131190379721,0.6479836298319935,23.199999999999932,9.656349206349207,2.4025643133064776,0,0,0,0,1,0,,,,,829.1,
2007-11-08,823.8,845.3,823.3,832.9,3.7999999999999545,3.7999999999999545,6.625838029229082,4.988888888888894,0.5735123592271218,0.00458328307803637,0.00458328307803637,0.009731164602140165,0.47099019135164705,22.0,9.703968253968254,2.267113764619285,0,0,0,0,1,0,,,,,832.9,
2007-11-12,829.1,831.2,791.2,793.4,-38.200000000000045,38.200000000000045,7.062299402563692,5.12380952380953,5.40900319039618,-0.04593554593554599,0.04593554593554599,0.010164400761741972,4.519257653480555,40.0,9.832539682539682,4.068124949552022,1,1,1,1,1,1,793.4,793.4,793.4,793.4,793.4,793.4
2007-11-15,812.2,817.8,782.2,787.6,-24.600000000000023,24.600000000000023,7.2756346207660245,5.258333333333339,3.381148350933816,-0.030288106377739498,0.030288106377739498,0.010386041883081643,2.9162318733835795,35.59999999999991,10.01984126984127,3.5529504950494957,1,1,1,0,1,1,787.6,787.6,787.6,,787.6,787.6
2007-11-20,778.9,805.4,772.5,802.0,21.100000000000023,21.100000000000023,7.359846122435626,5.314682539682546,2.866907765323945,0.027020105007043185,0.027020105007043185,0.010456786339603272,2.583977919172854,32.89999999999998,10.193253968253968,3.227624868610579,1,0,1,0,1,1,802.0,,802.0,,802.0,802.0
2007-11-23,803.1,825.2,802.4,823.3,19.59999999999991,19.59999999999991,7.430521656657265,5.357539682539688,2.6377690430980145,0.024387209157645775,0.024387209157645775,0.010511557764964555,2.320037591281601,22.800000000000068,10.240079365079366,2.226545243169935,1,0,1,0,1,0,823.3,,823.3,,823.3,
2007-11-27,823.8,828.8,807.2,812.6,-10.399999999999977,10.399999999999977,7.456503563536411,5.379365079365085,1.394755586365944,-0.012636695018225974,0.012636695018225974,0.010535115674193398,1.1994832718524924,21.59999999999991,10.319444444444445,2.0931359353970302,0,0,0,0,1,0,,,,,812.6,
2007-11-28,814.4,815.0,791.0,804.8,-7.800000000000068,7.800000000000068,7.442301032149509,5.368650793650799,1.0480629534206367,-0.009598818606940769,0.009598818606940769,0.01049918452465811,0.9142442048139295,24.0,10.361507936507936,2.316265175596492,0,0,0,0,1,0,,,,,804.8,
2008-01-08,857.2,880.6,857.0,877.9,20.699999999999932,20.699999999999932,7.9862231576499525,5.861111111111117,2.591963634295835,0.024148390107326098,0.024148390107326098,0.010859176516170068,2.2237772883945177,23.600000000000023,11.072619047619046,2.1313837221804133,1,0,1,0,1,0,877.9,,877.9,,877.9,
2008-01-10,879.6,894.8,865.8,894.3,15.899999999999977,15.899999999999977,8.02902235603291,5.890079365079371,1.9803158211476284,0.01810109289617484,0.01810109289617484,0.010886462113338536,1.6627158307010175,29.0,11.190873015873015,2.5913974681748875,0,0,0,0,1,0,,,,,894.3,
2008-01-14,896.9,914.0,891.0,904.4,9.5,9.5,8.026739869407303,5.879761904761909,1.1835440234219878,0.010615711252653929,0.010615711252653929,0.01086451832360451,0.9770991162663865,23.0,11.249603174603175,2.044516561430738,0,0,0,0,1,0,,,,,904.4,
2008-01-15,904.9,913.8,887.0,887.7,-16.699999999999932,16.699999999999932,8.102201826977465,5.938095238095242,2.061168106723143,-0.018465280849181705,0.018465280849181705,0.010933055682613305,1.6889405290916792,26.799999999999955,11.324603174603174,2.3665288387413232,1,0,0,0,1,0,887.7,,,,887.7,
2008-01-16,892.3,899.3,874.3,875.5,-12.200000000000045,12.200000000000045,8.109753083787298,5.935317460317465,1.5043614613112954,-0.0137433817731216,0.0137433817731216,0.01090832493534061,1.2598984587079929,25.0,11.36706349206349,2.1993367079769595,0,0,0,0,1,0,,,,,875.5,
2008-01-22,860.9,894.2,849.6,891.0,27.299999999999955,27.299999999999955,8.373220571607021,6.120634920634926,3.2603942254396423,0.03160819729072589,0.03160819729072589,0.011162980140883613,2.831519620371189,44.60000000000002,11.628174603174603,3.8355117223492496,1,1,1,0,1,1,891.0,891.0,891.0,,891.0,891.0
2008-01-24,891.6,913.2,888.8,912.4,22.0,22.0,8.469470536239683,6.171825396825401,2.597564972434235,0.024707996406109614,0.024707996406109614,0.011244210048968683,2.1973972647705766,24.40000000000009,11.726190476190476,2.0808121827411243,1,0,1,0,1,0,912.4,,912.4,,912.4,
2008-02-01,923.9,936.5,903.5,905.0,-19.5,19.5,8.581084418770258,6.24603174603175,2.2724400609957542,-0.021092482422931314,0.021092482422931314,0.011305396050635023,1.865700443262804,33.0,11.917857142857141,2.7689541504345225,1,0,0,0,1,0,905.0,,,,905.0,
2008-02-19,906.4,930.3,905.5,927.0,21.799999999999955,21.799999999999955,8.734170900573945,6.379761904761907,2.4959438334973982,0.024083075563411348,0.024083075563411348,0.011309311758559575,2.1294908193846376,24.799999999999955,12.23690476190476,2.0266562895223235,1,0,1,0,1,0,927.0,,927.0,,927.0,
2008-02-20,927.5,945.3,912.9,943.7,16.700000000000045,16.700000000000045,8.67416727913792,6.360714285714289,1.9252568532042156,0.018015102481121946,0.018015102481121946,0.01116905522640496,1.612947748573409,32.39999999999998,12.24484126984127,2.646012250056711,0,0,0,0,1,0,,,,,943.7,
2008-03-04,985.2,987.6,956.1,964.4,-18.800000000000068,18.800000000000068,8.685663730685604,6.419047619047622,2.164486282560249,-0.019121236777868256,0.019121236777868256,0.011012825681561091,1.736269812195718,31.5,12.425396825396824,2.5351303014818605,1,0,0,0,1,0,964.4,,,,964.4,
2008-03-05,967.2,992.5,958.7,988.8,24.399999999999977,24.399999999999977,8.79328758206965,6.490079365079369,2.7748438535950872,0.025300705101617565,0.025300705101617565,0.01108856021688098,2.2816943414439264,33.799999999999955,12.517460317460317,2.70022825259954,1,0,1,0,1,0,988.8,,988.8,,988.8,
2008-03-06,986.4,991.8,964.7,974.6,-14.199999999999932,14.199999999999932,8.847640598837211,6.544841269841273,1.6049476514525405,-0.014360841423948152,0.014360841423948152,0.011134804383503468,1.2897255245205879,27.09999999999991,12.588888888888889,2.1526919682259416,0,0,0,0,1,0,,,,,974.6,
2008-03-17,1017.0,1032.2,993.7,1004.1,1.6000000000000227,1.6000000000000227,8.875458701025423,6.575396825396829,0.18027237283129574,0.0015960099750623668,0.0015960099750623668,0.011130255232638973,0.14339383434641637,38.5,12.976190476190476,2.9669724770642203,0,0,0,0,1,0,,,,,1004.1,
2008-03-18,1002.2,1011.7,976.2,983.0,-21.100000000000023,21.100000000000023,8.982111166185128,6.634126984126986,2.3491136559782295,-0.021013843242704933,0.021013843242704933,0.011211004647544664,1.8743943030393089,35.5,13.084920634920636,2.713046642809486,1,0,0,0,1,0,983.0,,,,983.0,
2008-03-19,984.8,996.8,937.4,942.7,-40.299999999999955,40.299999999999955,9.356039294992593,6.790079365079368,4.307378232321956,-0.040996948118006055,0.040996948118006055,0.011528041732048291,3.5562803354565715,59.39999999999998,13.30515873015873,4.464433773748097,1,1,1,1,1,1,942.7,942.7,942.7,942.7,942.7,942.7
2008-03-20,938.8,939.1,904.4,909.6,-33.10000000000002,33.10000000000002,9.600955875742033,6.917857142857146,3.447573390440336,-0.035111912591492545,0.035111912591492545,0.01175595419643792,2.9867343819807948,34.700000000000045,13.419444444444446,2.5858000413992994,1,1,1,0,1,0,909.6,909.6,909.6,,909.6,
2008-03-31,928.2,940.5,912.1,915.8,-15.400000000000091,15.400000000000091,9.909588338045772,7.225000000000003,1.55405042819741,-0.01653780068728532,0.01653780068728532,0.012031637066786073,1.3745262257734432,28.399999999999977,13.786904761904765,2.0599257404369204,0,0,0,0,1,0,,,,,915.8,
2008-04-01,915.4,920.5,871.8,883.3,-32.5,32.5,10.128072273299924,7.3412698412698445,3.2089028516984373,-0.03548809783795589,0.03548809783795589,0.012247002452571943,2.8976966384540224,48.700000000000045,13.95198412698413,3.490542961972755,1,1,1,0,1,1,883.3,883.3,883.3,,883.3,883.3
2008-04-09,916.6,935.2,902.7,933.8,19.339999999999918,19.339999999999918,10.273341736723832,7.49198412698413,1.8825422628418709,0.021149093454060228,0.021149093454060228,0.012371380894737237,1.7095176063212971,32.5,14.276587301587304,2.276454401423131,0,0,0,0,1,0,,,,,933.8,
2008-04-18,941.8,946.2,904.4,916.2,-22.299999999999955,22.299999999999955,10.387125486291035,7.568571428571431,2.1468884754912776,-0.023761321257325472,0.023761321257325472,0.012430102719172756,1.9115949235620497,41.80000000000007,14.585317460317462,2.865895796490278,1,0,0,0,1,0,916.2,,,,916.2,
2008-05-01,875.3,881.4,847.0,852.2,-24.5,24.5,10.6657901280312,7.7745238095238145,2.2970637623564847,-0.027945705486483403,0.027945705486483403,0.01269624548320739,2.2010999648239014,34.39999999999998,15.017063492063494,2.290727479322462,1,0,1,0,1,0,852.2,,852.2,,852.2,
2008-08-11,861.3,865.6,818.1,822.6,-33.60000000000002,33.60000000000002,12.364680943145132,9.466984126984126,2.7174174695245625,-0.03924316748423268,0.03924316748423268,0.014127260985493302,2.777832696977132,47.5,18.08809523809524,2.6260365933921284,1,0,1,0,1,0,822.6,,822.6,,822.6,
2008-09-17,778.5,868.1,777.0,863.5,85.5,85.5,14.074544943967137,10.526507936507937,6.074796758288688,0.10989717223650386,0.10989717223650386,0.01646762043604934,6.67353080326818,91.10000000000002,19.73452380952381,4.6162755625263925,1,1,1,1,1,1,863.5,863.5,863.5,863.5,863.5,863.5
2008-09-18,867.0,909.7,835.9,851.7,-11.799999999999955,11.799999999999955,14.093921113394869,10.560238095238095,0.8372403893182877,-0.013665315576143549,0.013665315576143549,0.016489449799419995,0.8287308395592566,73.80000000000007,19.986507936507937,3.692490966127947,0,0,0,0,1,1,,,,,851.7,851.7
2008-09-19,852.7,877.1,824.1,872.8,21.09999999999991,21.09999999999991,14.14894997868297,10.618968253968253,1.4912767400965796,0.024773981448866864,0.024773981448866864,0.01655134923539209,1.4967952821569463,53.0,20.162301587301588,2.62866814934362,0,0,0,0,1,0,,,,,872.8,
2008-09-22,878.5,908.4,861.7,897.6,24.800000000000068,24.800000000000068,14.221828319612968,10.682460317460317,1.7437982967210348,0.02841429880843271,0.02841429880843271,0.016627669493977783,1.7088563625061115,46.69999999999993,20.298412698412697,2.3006725054738784,0,0,0,0,1,0,,,,,897.6,
2008-09-26,876.4,911.2,865.6,877.8,1.5,1.5,14.19374565463938,10.637619047619047,0.10568034939457356,0.0017117425539198905,0.0017117425539198905,0.016571868165639537,0.10329206923508201,45.60000000000002,20.603968253968254,2.2131659027002053,0,0,0,0,1,0,,,,,877.8,
2008-09-29,871.5,923.9,866.8,905.7,27.90000000000009,27.90000000000009,14.294724856970236,10.72690476190476,1.9517689412815666,0.0317840054682161,0.0317840054682161,0.01668131587896528,1.9053656017805485,57.10000000000002,20.761111111111113,2.750334492908751,0,0,0,0,1,0,,,,,905.7,
2008-09-30,907.9,914.4,856.7,870.9,-34.80000000000007,34.80000000000007,14.454791148168336,10.828095238095237,2.407506247809731,-0.03842331897979471,0.03842331897979471,0.016843498347767893,2.281195876680012,57.69999999999993,20.946031746031746,2.754698393452558,1,0,1,0,1,0,870.9,,870.9,,870.9,
2008-10-02,871.1,876.0,829.7,835.8,-34.10000000000002,34.10000000000002,14.615338811379937,10.93642857142857,2.33316520677911,-0.0391999080354064,0.0391999080354064,0.017026093861321357,2.302343000966176,46.299999999999955,21.15436507936508,2.1886735823219325,1,0,1,0,1,0,835.8,,835.8,,835.8,
2008-10-06,829.0,875.8,825.4,858.6,23.300000000000068,23.300000000000068,14.681039414884687,10.996746031746031,1.5870810874860035,0.027894169759367975,0.027894169759367975,0.017104258912075693,1.6308318239777433,50.39999999999998,21.38452380952381,2.3568446250626276,0,0,0,0,1,0,,,,,858.6,
2008-10-08,885.4,920.9,877.5,908.1,20.100000000000023,20.100000000000023,14.834404365333228,11.148730158730158,1.3549583458148178,0.02263513513513516,0.02263513513513516,0.017272838857960347,1.310446726289208,43.39999999999998,21.58095238095238,2.0110326566637236,0,0,0,0,1,0,,,,,908.1,
2008-10-10,915.9,931.1,826.6,849.6,-63.39999999999998,63.39999999999998,15.350096495158422,11.345952380952381,4.130267195388445,-0.06944140197152243,0.06944140197152243,0.017796680275066763,3.9019300733749867,104.5,22.05833333333333,4.737438609746884,1,1,1,1,1,1,849.6,849.6,849.6,849.6,849.6,849.6
2008-10-13,862.5,871.9,822.6,831.6,-18.0,18.0,15.392463605617193,11.407460317460318,1.1694034471149397,-0.0211864406779661,0.0211864406779661,0.01784777163487944,1.1870636352474382,49.299999999999955,22.200396825396822,2.2206810260076844,0,0,0,0,1,0,,,,,831.6,
2008-10-16,848.8,849.9,785.1,805.5,-42.0,42.0,15.618131302970452,11.555873015873015,2.6891821553588753,-0.049557522123893805,0.049557522123893805,0.018114394855750126,2.7358088701573466,64.79999999999995,22.47936507936508,2.882643694393445,1,0,1,0,1,0,805.5,,805.5,,805.5,
2008-10-22,775.3,775.9,720.2,729.2,-42.299999999999955,42.299999999999955,15.944349039901375,11.800714285714287,2.652977546724705,-0.054828256642903375,0.054828256642903375,0.01857601306411153,2.9515621276575446,55.69999999999993,22.939682539682536,2.4281068364240217,1,0,1,0,1,0,729.2,,729.2,,729.2,
2008-10-24,725.1,747.5,681.4,733.2,9.300000000000068,9.300000000000068,15.915702708798472,11.761428571428572,0.5843285822911777,0.012847078325735693,0.012847078325735693,0.018539330183228033,0.692963456541599,66.10000000000002,23.204761904761902,2.848553252616459,0,0,0,0,1,0,,,,,733.2,
2008-11-21,743.9,801.3,742.2,800.0,55.0,55.0,16.3664447752998,12.053888888888888,3.3605343588734597,0.0738255033557047,0.0738255033557047,0.019381628491258268,3.809045426136527,59.09999999999991,24.026587301587302,2.459775050786988,1,1,1,1,1,0,800.0,800.0,800.0,800.0,800.0,
2009-01-23,855.1,902.7,852.2,898.7,42.200000000000045,42.200000000000045,17.071419905075643,12.672539682539684,2.4719677820972126,0.04927028604786929,0.04927028604786929,0.020290701625682046,2.428219928359088,50.5,25.240079365079364,2.000786101721563,1,0,1,0,1,0,898.7,,898.7,,898.7,
2009-03-18,913.5,948.6,883.0,937.2,22.100000000000023,22.100000000000023,17.139969565322556,12.92531746031746,1.289383853091114,0.02415036608020984,0.02415036608020984,0.02039667051349638,1.1840347209722124,65.60000000000002,25.725793650793644,2.5499699208687487,0,0,0,0,1,0,,,,,937.2,
2009-11-27,1186.33,1191.3,1137.58,1177.28,-14.519999999999982,14.519999999999982,11.76366249983846,9.209761904761908,1.2343094678378754,-0.012183252223527423,0.012183252223527423,0.012754873130785552,0.9551841165806308,53.72000000000003,18.338015873015866,2.929433607866392,0,0,0,0,1,0,,,,,1177.28,
2009-12-04,1205.68,1212.24,1147.32,1160.82,-46.77999999999997,46.77999999999997,12.015641058687788,9.278412698412701,3.893258775916593,-0.038737992712818796,0.038737992712818796,0.01269130026072014,3.0523265478726205,64.92000000000007,18.37115079365079,3.5338014874080135,1,1,1,1,1,1,1160.82,1160.82,1160.82,1160.82,1160.82,1160.82
2009-12-08,1157.26,1168.47,1124.35,1128.1,-29.600000000000136,29.600000000000136,12.143260411983729,9.341984126984132,2.437566106281391,-0.025567936425671706,0.025567936425671706,0.012760735938610764,2.003641212283814,44.12000000000012,18.50015873015873,2.3848444028794327,1,0,1,0,1,0,1128.1,,1128.1,,1128.1,
2009-12-17,1139.32,1141.51,1094.71,1097.29,-40.549999999999955,40.549999999999955,12.332542225380095,9.35146825396826,3.2880487460686707,-0.035637699500808515,0.035637699500808515,0.012794591013713188,2.785372307923886,46.799999999999955,18.562301587301587,2.5212390704833547,1,1,1,0,1,0,1097.29,1097.29,1097.29,,1097.29,
2010-02-04,1106.31,1110.83,1059.58,1064.35,-46.090000000000146,46.090000000000146,12.15506837543383,9.147261904761907,3.7918338734441823,-0.04150606966607844,0.04150606966607844,0.011949869675666334,3.4733491487859287,51.25,17.929285714285715,2.8584518545077886,1,1,1,1,1,0,1064.35,1064.35,1064.35,1064.35,1064.35,
2010-05-06,1176.19,1210.98,1172.39,1208.05,33.33999999999992,33.33999999999992,11.6410689555937,8.688650793650792,2.8639981540509276,0.028381472874156103,0.028381472874156103,0.010850825010496949,2.615605066591732,38.58999999999992,16.944523809523808,2.2774319558222165,1,0,1,0,1,0,1208.05,,1208.05,,1208.05,
2010-05-19,1223.82,1227.48,1186.81,1193.46,-31.36999999999989,31.36999999999989,11.862343634962862,8.773214285714284,2.6445027193058634,-0.02561171754447547,0.02561171754447547,0.010940714648427682,2.3409547152531025,40.67000000000007,17.382539682539683,2.339704136608533,1,0,1,0,1,0,1193.46,,1193.46,,1193.46,
2010-07-01,1242.53,1243.73,1196.35,1198.4,-43.73000000000002,43.73000000000002,12.192384136688398,9.014761904761906,3.586665209178492,-0.03520565480263742,0.03520565480263742,0.0108974059347721,3.230645441067868,47.38000000000011,17.804761904761907,2.6610858518320466,1,1,1,1,1,0,1198.4,1198.4,1198.4,1198.4,1198.4,
2010-10-19,1370.25,1370.82,1328.27,1331.68,-36.51999999999998,36.51999999999998,12.548201521687767,9.233849206349205,2.910377231102035,-0.02669200409296885,0.02669200409296885,0.010756975055489634,2.4813671088088145,42.549999999999955,18.113690476190477,2.3490519535999446,1,0,1,0,1,0,1331.68,,1331.68,,1331.68,
2010-11-03,1354.65,1364.3,1325.55,1347.95,-8.349999999999909,8.349999999999909,12.474332897408802,9.226944444444442,0.669374472260107,-0.0061564550615644835,0.0061564550615644835,0.01056949708057728,0.5824737936564369,38.75,18.348174603174602,2.111926708681717,0,0,0,0,1,0,,,,,1347.95,
2010-11-04,1348.73,1393.45,1347.55,1391.2,43.25,43.25,12.740736321866752,9.355436507936504,3.3946232703812114,0.03208575985756148,0.03208575985756148,0.010736570720201701,2.988455130946942,45.90000000000009,18.47900793650794,2.4838995771692933,1,1,1,0,1,0,1391.2,1391.2,1391.2,,1391.2,
2010-11-09,1405.7,1424.3,1382.6,1392.37,-16.88000000000011,16.88000000000011,12.699374968871979,9.297619047619046,1.3291992748757677,-0.01197800248359064,0.01197800248359064,0.010666593478659296,1.1229454377871515,41.700000000000045,18.60079365079365,2.2418398259162884,0,0,0,0,1,0,,,,,1392.37,
2011-01-04,1415.88,1417.04,1374.8,1380.3,-34.24000000000001,34.24000000000001,12.593067843477527,9.15861111111111,2.7189562087314827,-0.02420574886535553,0.02420574886535553,0.010171031515150298,2.3798715822775462,42.24000000000001,17.998015873015873,2.346925366552751,1,0,1,0,1,0,1380.3,,1380.3,,1380.3,
2011-01-27,1344.52,1347.8,1310.15,1313.45,-31.99000000000001,31.99000000000001,12.546833509630357,9.077579365079366,2.549647285543878,-0.023776608395766445,0.023776608395766445,0.009999071993076192,2.3778815086270444,37.649999999999864,17.89833333333333,2.103547816370232,1,0,1,0,1,0,1313.45,,1313.45,,1313.45,
2011-01-28,1314.08,1346.87,1307.88,1336.31,22.8599999999999,22.8599999999999,12.268820852252276,8.985396825396826,1.8632597439715102,0.017404545281510447,0.017404545281510447,0.009691931298549577,1.7957767905469042,38.98999999999978,17.849682539682536,2.184352573964222,0,0,0,0,1,0,,,,,1336.31,
2011-03-15,1425.73,1425.93,1380.88,1399.83,-24.050000000000182,24.050000000000182,12.319221045638978,9.007222222222222,1.9522338231372118,-0.0168904682978904,0.0168904682978904,0.009511864949350392,1.775726252194521,45.049999999999955,17.760992063492065,2.5364574140315495,0,0,0,0,1,0,,,,,1399.83,
2011-04-29,1535.13,1569.0,1531.5,1563.3,27.549999999999955,27.549999999999955,12.25858633637486,8.986785714285714,2.2474043290171997,0.017939117694937296,0.017939117694937296,0.009237121422538632,1.9420679748959173,37.5,17.894087301587298,2.095664303407839,1,0,0,0,1,0,1563.3,,,,1563.3,
2011-05-02,1547.25,1575.13,1538.85,1545.05,-18.25,18.25,12.320615543157592,9.058492063492062,1.4812571609001601,-0.01167402290027506,0.01167402290027506,0.009271628186404732,1.2591124951918404,36.2800000000002,17.957698412698413,2.0203034468128473,0,0,0,0,1,0,,,,,1545.05,
2011-05-04,1535.72,1542.95,1505.9,1515.82,-19.730000000000018,19.730000000000018,12.272487368645287,9.0359126984127,1.6076610557699795,-0.01284881638500864,0.01284881638500864,0.00919587408002874,1.3972370949394821,37.049999999999955,17.981071428571425,2.060500129104016,0,0,0,0,1,0,,,,,1515.82,
2011-05-05,1517.5,1521.8,1462.35,1473.9,-41.919999999999845,41.919999999999845,12.563916869925523,9.177222222222223,3.3365391091009617,-0.027654998614611133,0.027654998614611133,0.009365648390935549,2.9528119634916847,59.450000000000045,18.13115079365079,3.278887296046227,1,1,1,0,1,1,1473.9,1473.9,1473.9,,1473.9,1473.9
2011-07-18,1593.55,1607.03,1495.75,1604.86,12.069999999999936,12.069999999999936,12.150223303562772,8.986904761904755,0.9933973803148695,0.007577897902422753,0.007577897902422753,0.00867877651680357,0.8731527868877219,111.27999999999997,18.380277777777778,6.0543154649458195,0,0,0,0,1,1,,,,,1604.86,1604.86
2011-08-02,1619.02,1658.74,1616.2,1658.29,38.50999999999999,38.50999999999999,12.386448575343065,9.210238095238086,3.1090429000496123,0.023774833619380403,0.023774833619380403,0.008735395649674444,2.721666490317065,42.539999999999964,18.688611111111108,2.2762526196881625,1,1,1,0,1,0,1658.29,1658.29,1658.29,,1658.29,
2011-08-04,1663.05,1681.8,1641.37,1646.86,-14.009999999999991,14.009999999999991,12.409766337962516,9.219444444444434,1.1289495401007048,-0.008435338105932428,0.008435338105932428,0.008740061977902754,0.9651348156636932,40.430000000000064,18.815317460317456,2.14878117710579,0,0,0,0,1,0,,,,,1646.86,
2011-08-09,1715.08,1777.1,1714.72,1738.4,20.5,20.5,12.873058995516264,9.484007936507927,1.5924730871768886,0.011933174224343675,0.011933174224343675,0.008952337382901139,1.332967437882301,62.37999999999988,19.12646825396825,3.261448960241661,0,0,0,0,1,1,,,,,1738.4,1738.4
2011-08-10,1742.38,1796.69,1737.1,1792.09,53.68999999999983,53.68999999999983,13.277145020950634,9.690833333333323,4.043791034539416,0.030884721583064788,0.030884721583064788,0.009142111809453818,3.378291824338336,59.590000000000146,19.336428571428566,3.0817479960104994,1,1,1,1,1,1,1792.09,1792.09,1792.09,1792.09,1792.09,1792.09
2011-08-11,1797.68,1813.77,1732.56,1763.58,-28.50999999999999,28.50999999999999,13.409628687397129,9.765357142857134,2.1260842238528763,-0.015908799223253292,0.015908799223253292,0.009199130251639662,1.729380798844292,81.21000000000004,19.606388888888883,4.142017199608974,1,0,0,0,1,1,1763.58,,,,1763.58,1763.58
2011-08-12,1761.94,1767.51,1723.37,1742.98,-20.59999999999991,20.59999999999991,13.485020362531571,9.845515873015863,1.5276209784033747,-0.011680785674593673,0.011680785674593673,0.009235793392788613,1.2647300754599091,44.1400000000001,19.756111111111107,2.234245381176013,0,0,0,0,1,0,,,,,1742.98,
2011-08-18,1789.73,1828.24,1783.73,1823.92,33.30000000000018,33.30000000000018,13.7208240888453,10.114880952380942,2.4269679273180307,0.018596910567289644,0.018596910567289644,0.009336736893111918,1.9917997883189067,44.50999999999999,20.06892857142857,2.2178563166230663,1,0,0,0,1,0,1823.92,,,,1823.92,
2011-08-19,1824.91,1876.66,1820.9,1851.51,27.589999999999918,27.589999999999918,13.811905986228957,10.206706349206337,1.9975519691133354,0.015126759945611605,0.015126759945611605,0.009374601296879627,1.613589684144392,55.75999999999999,20.192658730158726,2.761399612856315,0,0,0,0,1,0,,,,,1851.51,
2011-08-23,1907.64,1911.63,1823.34,1829.31,-67.1400000000001,67.1400000000001,14.729153948449346,10.603690476190465,4.558306623379984,-0.035402989796725515,0.035402989796725515,0.009756432106507403,3.628682023330252,88.29000000000019,20.61277777777778,4.283265504137141,1,1,1,1,1,1,1829.31,1829.31,1829.31,1829.31,1829.31,1829.31
2011-08-24,1834.5,1853.69,1749.68,1759.89,-69.41999999999985,69.41999999999985,15.407094720123402,10.877103174603162,4.50571644174612,-0.037948734768847185,0.037948734768847185,0.010069296747818118,3.768757215052796,104.00999999999999,20.98535714285714,4.956313075443762,1,1,1,1,1,1,1759.89,1759.89,1759.89,1759.89,1759.89,1759.89
2011-08-25,1749.66,1773.79,1702.55,1770.07,10.179999999999836,10.179999999999836,15.41421888016304,10.913095238095226,0.6604291841930923,0.005784452437368151,0.005784452437368151,0.010071893685118224,0.5743162724121083,71.24000000000001,21.248492063492066,3.3527085021906315,0,0,0,0,1,1,,,,,1770.07,1770.07
2011-08-26,1770.62,1826.88,1757.0,1825.27,55.200000000000045,55.200000000000045,15.764275514999271,11.090436507936497,3.5015881286443373,0.03118520736468052,0.03118520736468052,0.010234997062349996,3.0469190342415473,69.88000000000011,21.454722222222223,3.2570918083302094,1,1,1,1,1,1,1825.27,1825.27,1825.27,1825.27,1825.27,1825.27
2011-08-29,1832.26,1834.21,1775.74,1786.78,-38.49000000000001,38.49000000000001,15.968561090858,11.230079365079353,2.410361195413877,-0.021087291195275224,0.021087291195275224,0.010330702596592634,2.0412252698311564,58.47000000000003,21.638849206349207,2.7020845444425916,1,0,1,0,1,0,1786.78,,1786.78,,1786.78,
2011-08-30,1786.48,1839.6,1783.58,1834.24,47.460000000000036,47.460000000000036,16.21913011588454,11.391388888888876,2.9261741943557817,0.026561747948824162,0.026561747948824162,0.010447834083846145,2.5423209954963246,56.01999999999998,21.822658730158732,2.5670565943727475,1,0,1,0,1,0,1834.24,,1834.24,,1834.24,
2011-09-02,1825.85,1884.33,1824.14,1881.92,55.99000000000001,55.99000000000001,16.578806853814072,11.604007936507927,3.3772032266072944,0.03066382610505332,0.03066382610505332,0.010609749115152726,2.890155626890327,60.18999999999983,22.095634920634918,2.7240674556850557,1,1,1,0,1,0,1881.92,1881.92,1881.92,,1881.92,
2011-09-06,1901.2,1920.61,1858.38,1875.63,-23.909999999999854,23.909999999999854,16.66546764473796,11.721071428571417,1.4347032144369092,-0.012587257967718424,0.012587257967718424,0.010636372586982579,1.1834164199102477,62.22999999999979,22.356984126984123,2.7834702411802623,0,0,0,0,1,0,,,,,1875.63,
2011-09-07,1869.05,1880.21,1792.41,1816.93,-58.700000000000045,58.700000000000045,17.105705889102012,11.944682539682526,3.431603488365693,-0.03129615115987697,0.03129615115987697,0.010837417043345832,2.8877869177409563,87.79999999999995,22.650436507936508,3.8763049872895663,1,1,1,0,1,1,1816.93,1816.93,1816.93,,1816.93,1816.93
2011-09-08,1815.95,1870.28,1813.5,1868.77,51.83999999999992,51.83999999999992,17.387484827915483,12.148809523809511,2.981454794242073,0.028531644036919372,0.028531644036919372,0.010969103801716909,2.6010916254118714,56.77999999999997,22.84472222222222,2.4854756143529375,1,0,1,0,1,0,1868.77,,1868.77,,1868.77,
2011-09-09,1868.06,1885.84,1822.77,1857.02,-11.75,11.75,17.363751152024612,12.105793650793638,0.6766970971379045,-0.006287558126468212,0.006287558126468212,0.010930864467221312,0.575211424981335,63.069999999999936,22.983531746031748,2.744138746687152,0,0,0,0,1,0,,,,,1857.02,
2011-09-12,1857.46,1861.28,1801.08,1815.87,-41.15000000000009,41.15000000000009,17.577896059373938,12.26833333333332,2.3410082674857793,-0.022159158221236222,0.022159158221236222,0.01103215932398801,2.0085966464474443,60.200000000000045,23.188214285714288,2.596146441388022,1,0,1,0,1,0,1815.87,,1815.87,,1815.87,
2011-09-13,1815.49,1843.55,1794.28,1833.37,17.5,17.5,17.60160840528987,12.309285714285702,0.9942273226997066,0.009637253768166223,0.009637253768166223,0.011040988250692812,0.8728615183121398,49.26999999999998,23.332460317460317,2.1116504359006623,0,0,0,0,1,0,,,,,1833.37,
2011-09-15,1820.99,1826.21,1772.58,1788.28,-31.019999999999982,31.019999999999982,17.753416964198703,12.468373015873002,1.7472692756867305,-0.017050513933930624,0.017050513933930624,0.01111608692173527,1.5338593566223178,53.63000000000011,23.60829365079365,2.271659307245071,0,0,0,0,1,0,,,,,1788.28,
2011-09-16,1787.81,1821.43,1762.44,1808.8,20.519999999999982,20.519999999999982,17.786187460203653,12.513928571428558,1.1537042463941862,0.011474713132171686,0.011474713132171686,0.011128492549434921,1.0311111843045035,58.99000000000001,23.76420634920635,2.482304653189905,0,0,0,0,1,0,,,,,1808.8,
2011-09-19,1818.58,1827.68,1770.62,1777.55,-31.25,31.25,17.909085739733808,12.621587301587288,1.7449243615305001,-0.017276647501105705,0.017276647501105705,0.011189981247577524,1.543938914539813,57.06000000000017,23.952896825396827,2.382175334195924,0,0,0,0,1,0,,,,,1777.55,
2011-09-22,1780.81,1786.17,1720.81,1740.1,-41.76999999999998,41.76999999999998,18.24105063393929,12.947619047619034,2.2898900309109793,-0.023441665216878887,0.023441665216878887,0.0113582837656475,2.063838666170404,65.36000000000013,24.43654761904762,2.6746822431272492,1,0,1,0,1,0,1740.1,,1740.1,,1740.1,
2011-09-23,1739.2,1755.09,1628.82,1653.92,-86.17999999999984,86.17999999999984,19.04570811503834,13.231746031746018,4.524903956285709,-0.049525889316705846,0.049525889316705846,0.011782162380490744,4.203463482960674,126.26999999999998,24.830119047619046,5.085356206220363,1,1,1,1,1,1,1653.92,1653.92,1653.92,1653.92,1653.92,1653.92
2011-09-26,1647.36,1663.46,1531.94,1627.65,-26.269999999999982,26.269999999999982,19.125107298442604,13.33289682539681,1.3735870649018112,-0.015883476830801962,0.015883476830801962,0.011830043137230172,1.3426389613758283,131.51999999999998,25.321865079365082,5.193930209634373,0,0,0,0,1,1,,,,,1627.65,1627.65
2011-09-27,1623.97,1677.0,1614.67,1650.17,22.519999999999982,22.519999999999982,19.17106139494767,13.416150793650779,1.1746871775151109,0.013835898381101577,0.013835898381101577,0.011857144156279071,1.1668828681461747,62.32999999999993,25.49138888888889,2.4451394261678754,0,0,0,0,1,0,,,,,1650.17,
2011-09-28,1651.42,1669.05,1598.41,1608.16,-42.00999999999999,42.00999999999999,19.355232868279195,13.54007936507935,2.170472465296407,-0.02545798311689098,0.02545798311689098,0.011964616004627976,2.1277726846430927,70.63999999999987,25.717261904761905,2.746793195232028,1,0,1,0,1,0,1608.16,,1608.16,,1608.16,
2011-09-29,1609.18,1634.83,1582.84,1614.23,6.069999999999936,6.069999999999936,19.355196217122174,13.549206349206335,0.31361087389185116,0.003774500049746254,0.003774500049746254,0.011963700132851949,0.31549604284895055,51.99000000000001,25.89325396825397,2.0078588833887605,0,0,0,0,1,0,,,,,1614.23,
2011-10-04,1662.35,1678.35,1595.65,1621.57,-35.8900000000001,35.8900000000001,19.545601087893267,13.723888888888872,1.836218791052208,-0.021653614566867437,0.021653614566867437,0.01205597452334985,1.7960899407118858,82.69999999999982,26.271031746031742,3.147954020210558,0,0,0,0,1,1,,,,,1621.57,1621.57
2011-10-25,1652.73,1708.73,1643.54,1704.59,51.23000000000002,51.23000000000002,19.872529901269427,14.087182539682525,2.577930452464813,0.030985387332462394,0.030985387332462394,0.012142743705308975,2.551761618662441,65.19000000000005,27.15214285714286,2.400915476284431,1,0,1,0,1,0,1704.59,,1704.59,,1704.59,
2011-11-17,1763.67,1766.79,1710.32,1721.15,-41.82999999999993,41.82999999999993,20.011565610889853,14.357380952380938,2.0902912252521095,-0.02372687154703963,0.02372687154703963,0.012004774388959019,1.9764529326649911,56.47000000000003,27.90527777777778,2.023631531271465,1,0,0,0,1,0,1721.15,,,,1721.15,
2011-11-21,1722.09,1726.23,1666.33,1677.18,-46.419999999999845,46.419999999999845,20.220989138962672,14.496746031746016,2.295634485582893,-0.02693200278486879,0.02693200278486879,0.012118689793812695,2.222352683589538,59.90000000000009,28.126388888888894,2.129672608760064,1,0,1,0,1,0,1677.18,,1677.18,,1677.18,
2011-12-14,1627.62,1641.35,1563.56,1573.4,-58.01999999999998,58.01999999999998,21.03925712826834,15.149404761904744,2.7577019305517365,-0.03556410979392185,0.03556410979392185,0.012535109176800858,2.8371599554746223,77.78999999999996,29.244523809523812,2.659985182411032,1,0,1,0,1,0,1573.4,,1573.4,,1573.4,
2012-01-25,1665.84,1713.01,1648.99,1709.91,44.25999999999999,44.25999999999999,21.340051634749926,15.565992063492043,2.0740343443184295,0.02657220904751898,0.02657220904751898,0.012615812513251567,2.106262202264635,64.01999999999998,30.21043650793651,2.119135219485539,1,0,1,0,1,0,1709.91,,1709.91,,1709.91,
2012-02-29,1785.06,1790.56,1685.96,1696.35,-87.70000000000005,87.70000000000005,22.23061761034213,16.12896825396824,3.945009605095283,-0.049157815083658,0.049157815083658,0.013025145527569724,3.774070314961773,104.59999999999991,31.244126984126982,3.3478291793251276,1,1,1,1,1,1,1696.35,1696.35,1696.35,1696.35,1696.35,1696.35
2012-06-01,1559.49,1629.53,1544.92,1623.04,62.13999999999987,62.13999999999987,23.036139776439494,16.990793650793638,2.6975005622927477,0.03981036581459406,0.03981036581459406,0.01345126587547786,2.9595999501556043,84.6099999999999,32.699841269841265,2.587474333645615,1,0,1,0,1,0,1623.04,,1623.04,,1623.04,
2012-09-13,1731.15,1772.66,1715.46,1766.12,35.47999999999979,35.47999999999979,19.592049949281446,14.001706349206344,1.8109386251999142,0.02050108630333275,0.02050108630333275,0.011732499705157511,1.7473758208850105,57.200000000000045,28.542182539682532,2.0040513692488027,0,0,0,0,1,0,,,,,1766.12,
2013-02-20,1604.55,1609.53,1558.65,1563.94,-40.710000000000036,40.710000000000036,14.935584916517993,10.372420634920635,2.7257051014437916,-0.025370018384071314,0.025370018384071314,0.009003546324544696,2.8177806243868315,50.87999999999988,21.64519841269841,2.3506368031327693,1,0,1,0,1,0,1563.94,,1563.94,,1563.94,
2013-04-12,1559.95,1564.71,1481.75,1482.33,-78.66000000000008,78.66000000000008,14.198141330155694,9.85503968253968,5.5401617839183395,-0.05039109795706576,0.05039109795706576,0.00876160616686391,5.75135391814838,82.96000000000004,20.758293650793647,3.9964749220525766,1,1,1,1,1,1,1482.33,1482.33,1482.33,1482.33,1482.33,1482.33
2013-04-15,1482.82,1495.57,1337.09,1348.0,-134.32999999999993,134.32999999999993,16.506509025981675,10.3690873015873,8.138001789994542,-0.09062084690993229,0.09062084690993229,0.010443664733768523,8.677111839574765,158.48000000000002,21.307896825396817,7.437618142167283,1,1,1,1,1,1,1348.0,1348.0,1348.0,1348.0,1348.0,1348.0
2013-04-16,1362.17,1403.44,1321.54,1366.31,18.309999999999945,18.309999999999945,16.548917561322963,10.426071428571426,1.106416775124487,0.013583086053412423,0.013583086053412423,0.010480642288425605,1.2960165684132767,81.90000000000009,21.572460317460315,3.7965071574943114,0,0,0,0,1,1,,,,,1366.31,1366.31
2013-04-18,1376.33,1402.07,1336.14,1390.5,14.759999999999991,14.759999999999991,16.568489043698925,10.462460317460316,0.8908476784497914,0.010728771424833174,0.010728771424833174,0.01050215097589946,1.021578479442332,65.92999999999984,21.79460317460317,3.0250608130744396,0,0,0,0,1,1,,,,,1390.5,1390.5
2013-05-20,1364.59,1399.54,1337.95,1393.41,34.51999999999998,34.51999999999998,16.860618323237407,10.80178571428571,2.0473744994526273,0.025403086342529548,0.025403086342529548,0.010824218207896422,2.3468749294057685,61.58999999999992,22.458650793650794,2.7423731089586116,1,0,1,0,1,0,1393.41,,1393.41,,1393.41,
2013-05-22,1376.41,1414.31,1354.44,1369.5,-6.880000000000109,6.880000000000109,16.84902407329688,10.790992063492059,0.408332255332453,-0.004998619567270745,0.004998619567270745,0.010823580075822733,0.4618268199850487,59.86999999999989,22.586666666666666,2.6506788665879526,0,0,0,0,1,0,,,,,1369.5,
2013-06-20,1350.93,1351.15,1276.13,1284.42,-66.6099999999999,66.6099999999999,17.002175278066982,11.076230158730151,3.9177339905398827,-0.049303124282954414,0.049303124282954414,0.011131416445645465,4.429186934448173,75.01999999999998,22.455793650793648,3.3407859533545623,1,1,1,1,1,1,1284.42,1284.42,1284.42,1284.42,1284.42,1284.42
2013-06-26,1277.08,1277.97,1221.58,1226.89,-50.57999999999993,50.57999999999993,17.0277155956045,11.12813492063491,2.970451304287496,-0.039593884787901025,0.039593884787901025,0.01124710607621208,3.5203619953085634,56.3900000000001,22.546071428571427,2.5011009203377257,1,0,1,1,1,0,1226.89,,1226.89,1226.89,1226.89,
2013-06-27,1224.69,1244.63,1196.48,1200.29,-26.600000000000136,26.600000000000136,17.09052978226462,11.190119047619039,1.5564175212171474,-0.02168083528270679,0.02168083528270679,0.011316397665751026,1.9158778193456067,48.15000000000009,22.632896825396823,2.1274342551665777,0,0,0,0,1,0,,,,,1200.29,
2013-06-28,1202.43,1235.14,1180.17,1234.86,34.569999999999936,34.569999999999936,17.195112868057798,11.241984126984116,2.0104549627131725,0.02880137300152458,0.02880137300152458,0.011444934371211742,2.5165170954558485,54.97000000000003,22.71892857142857,2.4195683272287125,1,0,1,0,1,0,1234.86,,1234.86,,1234.86,
2013-08-15,1335.83,1370.1,1318.9,1365.61,30.079999999999927,30.079999999999927,17.73691345185109,11.752698412698404,1.6958982227463406,0.022522893532904487,0.022522893532904487,0.012065582115884722,1.866705917425433,51.19999999999982,23.55813492063492,2.1733469212434544,0,0,0,0,1,0,,,,,1365.61,
2013-09-18,1310.33,1367.38,1291.79,1364.02,53.6099999999999,53.6099999999999,18.182358712075764,12.275753968253964,2.948462344678909,0.04091085995985981,0.04091085995985981,0.012573762634301372,3.2536688618770726,75.59000000000015,24.17210317460317,3.1271585866562104,1,0,1,1,1,1,1364.02,,1364.02,1364.02,1364.02,1364.02
2013-10-01,1327.47,1337.67,1282.3,1288.68,-39.97000000000003,39.97000000000003,18.435962415899724,12.484603174603173,2.1680452095914835,-0.030083167124524912,0.030083167124524912,0.012820224374851398,2.346539829953141,55.37000000000012,24.475873015873017,2.2622277850555825,1,0,1,0,1,0,1288.68,,1288.68,,1288.68,
2014-06-19,1278.29,1321.51,1275.87,1319.67,42.210000000000036,42.210000000000036,13.896005401199368,10.161904761904761,3.0375635861768506,0.033042130477666645,0.033042130477666645,0.010705622389509757,3.08642779237609,45.6400000000001,20.548611111111107,2.2210746873943954,1,1,1,1,1,0,1319.67,1319.67,1319.67,1319.67,1319.67,
2014-10-31,1200.1,1202.55,1161.42,1171.52,-26.450000000000045,26.450000000000045,10.697101496254593,7.84547619047619,2.47263242377022,-0.022079017003764738,0.022079017003764738,0.008406453742314647,2.6264365070645668,41.12999999999988,16.114087301587304,2.552425044634604,1,0,1,0,1,0,1171.52,,1171.52,,1171.52,
2014-11-07,1140.6,1178.58,1131.44,1176.24,34.92000000000007,34.92000000000007,10.979202148266321,7.974246031746029,3.1805589812839123,0.03059615182420362,0.03059615182420362,0.008691405909540085,3.520276482613691,47.13999999999987,16.27003968253968,2.897350032316672,1,1,1,1,1,0,1176.24,1176.24,1176.24,1176.24,1176.24,
2014-11-14,1162.36,1193.45,1146.72,1188.33,26.309999999999945,26.309999999999945,11.05601768226022,8.054920634920634,2.3796995225699837,0.02264160685702479,0.02264160685702479,0.00879121519875252,2.5754809028264547,46.73000000000002,16.448134920634917,2.8410515979763247,1,0,1,0,1,0,1188.33,,1188.33,,1188.33,
2014-12-01,1158.49,1220.8,1141.74,1210.8,44.919999999999845,44.919999999999845,11.235642924838965,8.100634920634917,3.9979910629496676,0.03852883658695564,0.03852883658695564,0.008992199399884444,4.284695531490412,79.05999999999995,16.477142857142855,4.7981619559563,1,1,1,1,1,1,1210.8,1210.8,1210.8,1210.8,1210.8,1210.8
2014-12-09,1203.03,1238.09,1199.26,1230.62,27.399999999999864,27.399999999999864,11.216531164198093,8.090674603174602,2.44282297252983,0.022772227855254953,0.022772227855254953,0.008990063884841318,2.5330440525180875,38.82999999999993,16.466666666666665,2.358097165991899,1,0,1,0,1,0,1230.62,,1230.62,,1230.62,
2014-12-15,1221.51,1224.03,1190.46,1192.14,-30.2199999999998,30.2199999999998,11.181092970339822,8.016825396825391,2.7027769181568067,-0.0247226676265583,0.0247226676265583,0.008958425677590158,2.759711194390214,33.569999999999936,16.37928571428571,2.0495399241201833,1,0,1,0,1,0,1192.14,,1192.14,,1192.14,
2014-12-16,1193.08,1223.34,1187.34,1196.3,4.1599999999998545,4.1599999999998545,11.180803148184342,8.016071428571422,0.37206629477913666,0.003489523042595546,0.003489523042595546,0.008958205460906036,0.38953371384748464,36.0,16.494682539682536,2.182521543739445,0,0,0,0,1,0,,,,,1196.3,
2015-01-15,1229.28,1266.64,1225.87,1262.31,33.419999999999845,33.419999999999845,11.359074818723904,8.136904761904752,2.9421410223402593,0.027195273783658297,0.027195273783658297,0.009125461496202691,2.980153255260006,40.77000000000021,16.74,2.435483870967755,1,0,1,0,1,0,1262.31,,1262.31,,1262.31,
2015-01-29,1284.66,1285.75,1251.88,1257.3,-27.420000000000073,27.420000000000073,11.48485056187922,8.290515873015865,2.387492971916689,-0.02134317205305442,0.02134317205305442,0.00921651489613401,2.315753003557462,33.86999999999989,16.793968253968252,2.016795523714101,1,0,1,0,1,0,1257.3,,1257.3,,1257.3,
2015-02-06,1266.87,1268.62,1228.21,1233.12,-31.40000000000009,31.40000000000009,11.741361755263155,8.484126984126977,2.6743064948088158,-0.024831556638091997,0.024831556638091997,0.009419080189598791,2.636303772582034,40.409999999999854,17.020912698412697,2.3741382566264106,1,0,1,0,1,0,1233.12,,1233.12,,1233.12,
2015-03-06,1199.08,1200.66,1163.81,1167.13,-31.339999999999918,31.339999999999918,11.65848070641713,8.309007936507928,2.688171880127534,-0.026150007926773234,0.026150007926773234,0.009410306132250164,2.7788689931302293,36.850000000000136,16.984166666666663,2.169667827878915,1,0,1,0,1,0,1167.13,,1167.13,,1167.13,
2015-07-20,1132.56,1133.1,1069.72,1096.7,-37.52999999999997,37.52999999999997,11.274150388164813,8.209722222222206,3.3288539453400925,-0.033088527018329594,0.033088527018329594,0.009370980794874074,3.530956656791893,63.37999999999988,16.773095238095237,3.7786704898718115,1,1,1,1,1,1,1096.7,1096.7,1096.7,1096.7,1096.7,1096.7
2015-10-02,1113.48,1141.21,1104.59,1138.72,25.200000000000045,25.200000000000045,11.49791248963205,8.443531746031725,2.191702191395482,0.022630936130469185,0.022630936130469185,0.009694585164247826,2.3343893263147226,36.62000000000012,17.132976190476185,2.1373986394936044,1,0,1,0,1,0,1138.72,,1138.72,,1138.72,
2016-02-08,1168.46,1200.81,1164.23,1190.02,16.960000000000036,16.960000000000036,9.42414827156311,7.197063492063484,1.799632127093753,0.014457913491211052,0.014457913491211052,0.00827993494148438,1.746138537728549,36.57999999999993,15.217420634920645,2.4038239382078226,0,0,0,0,1,0,,,,,1190.02,
2016-02-11,1196.72,1263.34,1196.72,1248.7,51.289999999999964,51.289999999999964,9.966771326627812,7.389047619047612,5.14609980696262,0.042834116969124994,0.042834116969124994,0.008711319387427786,4.917064231503597,66.61999999999989,15.398214285714294,4.326475704511181,1,1,1,1,1,1,1248.7,1248.7,1248.7,1248.7,1248.7,1248.7
2016-02-15,1232.0,1234.76,1202.13,1209.07,-29.060000000000173,29.060000000000173,10.157373811963396,7.538968253968245,2.8609757342762347,-0.02347087947146113,0.02347087947146113,0.008854012257915886,2.6508749691957005,32.62999999999988,15.456626984126991,2.111068607239399,1,0,1,0,1,0,1209.07,,1209.07,,1209.07,
2016-02-18,1208.01,1239.84,1200.64,1230.65,22.340000000000146,22.340000000000146,10.276213955890952,7.6488492063492,2.1739524007471154,0.018488632883945467,0.018488632883945467,0.008947409008325342,2.06636724293505,39.19999999999982,15.620912698412706,2.509456441939085,1,0,1,0,1,0,1230.65,,1230.65,,1230.65,
2016-02-24,1227.03,1253.24,1221.76,1229.17,2.730000000000018,2.730000000000018,10.398818152338645,7.762619047619042,0.2625298336798066,0.0022259547959949267,0.0022259547959949267,0.009041975115636192,0.24618015063385948,31.480000000000018,15.738055555555565,2.0002471009760487,0,0,0,0,1,0,,,,,1229.17,
2016-03-10,1252.7,1273.27,1236.99,1271.98,19.09999999999991,19.09999999999991,10.411667823359148,7.868333333333327,1.8344803468612407,0.015244875806142573,0.015244875806142573,0.009026602253309382,1.688883078962897,36.27999999999997,15.982341269841278,2.270005338232918,0,0,0,0,1,0,,,,,1271.98,
2016-03-11,1269.91,1283.36,1248.16,1249.23,-22.75,22.75,10.50402897672513,7.930436507936502,2.1658356094037385,-0.01788550134436076,0.01788550134436076,0.009091990438246447,1.9671711563975531,35.19999999999982,16.07345238095239,2.1899464511876157,1,0,0,0,1,0,1249.23,,,,1249.23,
2016-03-16,1232.78,1263.86,1226.64,1262.04,29.59999999999991,29.59999999999991,10.688257316485963,8.054126984126976,2.7693944039262393,0.024017396384408092,0.024017396384408092,0.00923057198127226,2.6019402083789123,37.2199999999998,16.206507936507943,2.2966082604479743,1,0,1,0,1,0,1262.04,,1262.04,,1262.04,
2016-03-23,1247.72,1249.31,1215.31,1220.13,-27.86999999999989,27.86999999999989,10.751593359170336,8.08357142857142,2.5921739289208503,-0.02233173076923068,0.02233173076923068,0.00926914458808226,2.4092547653149734,34.0,16.285753968253978,2.0877142112226807,1,0,1,0,1,0,1220.13,,1220.13,,1220.13,
2016-06-03,1210.32,1244.59,1206.85,1244.51,33.48000000000002,33.48000000000002,11.355202993978795,8.546031746031746,2.9484281362255795,0.027645888210861842,0.027645888210861842,0.009674679739125804,2.857550736181775,37.74000000000001,17.05095238095238,2.213366101600246,1,0,1,0,1,0,1244.51,,1244.51,,1244.51,
2016-06-16,1293.17,1315.54,1277.97,1278.75,-12.759999999999991,12.759999999999991,11.360821435377083,8.558452380952383,1.123158221663966,-0.009879908014649512,0.009879908014649512,0.009667685420529525,1.0219517480026117,37.569999999999936,17.18972222222222,2.1856083253882295,0,0,0,0,1,0,,,,,1278.75,
2016-06-24,1253.05,1358.25,1250.34,1315.67,59.710000000000036,59.710000000000036,12.124038133755322,8.950833333333335,4.924926772851163,0.0475413229720692,0.0475413229720692,0.010230010038732919,4.647241086965505,107.91000000000008,17.732738095238098,6.085354637306573,1,1,1,1,1,1,1315.67,1315.67,1315.67,1315.67,1315.67,1315.67
2016-10-04,1311.76,1312.97,1266.92,1268.45,-43.27999999999997,43.27999999999997,12.30440801908743,9.047857142857154,3.5174386230415235,-0.03299459492426031,0.03299459492426031,0.010049840963794524,3.2830962244205026,46.049999999999955,17.87738095238095,2.575880668575612,1,1,1,1,1,0,1268.45,1268.45,1268.45,1268.45,1268.45,
2016-11-09,1273.1,1337.16,1267.91,1277.11,1.5699999999999363,1.5699999999999363,12.258525899609278,9.01849206349207,0.12807412676347796,0.0012308512473148128,0.0012308512473148128,0.009958118517773467,0.1236027915431979,69.25,17.983174603174596,3.850821755785833,0,0,0,0,1,1,,,,,1277.11,1277.11
2016-11-10,1278.44,1292.13,1252.18,1259.29,-17.819999999999936,17.819999999999936,12.296962316073587,9.044880952380959,1.4491383759635568,-0.013953379113780284,0.013953379113780284,0.0099821009193398,1.397839916319253,39.950000000000045,18.07059523809523,2.2107738828536267,0,0,0,0,1,0,,,,,1259.29,
2016-11-11,1259.14,1265.31,1219.03,1227.24,-32.049999999999955,32.049999999999955,12.465413611840564,9.155952380952387,2.571114043865862,-0.02545084928809087,0.02545084928809087,0.010112967988007171,2.516654786040328,46.27999999999997,18.205634920634918,2.5420700899337803,1,0,1,0,1,0,1227.24,,1227.24,,1227.24,
2018-02-06,1338.91,1346.08,1320.18,1324.4,-15.159999999999854,15.159999999999854,7.933842655679625,6.322738095238093,1.9108016957138945,-0.011317148914568856,0.011317148914568856,0.006218373262350364,1.819953295999363,25.899999999999864,12.34305555555555,2.098345898503422,0,0,0,0,1,0,,,,,1324.4,
2018-02-14,1329.72,1355.5,1317.3,1350.14,21.15000000000009,21.15000000000009,8.053811821676517,6.413134920634915,2.626085693121821,0.01591434096569582,0.01591434096569582,0.006302793188539908,2.5249663902398334,38.200000000000045,12.509722222222218,3.0536249583657202,1,0,1,0,1,1,1350.14,,1350.14,,1350.14,1350.14
2018-03-21,1311.54,1336.6,1309.79,1331.8,20.74000000000001,20.74000000000001,8.069389216313276,6.3671825396825295,2.5702069195115183,0.015819260750842837,0.015819260750842837,0.006267293061623745,2.524097819473013,26.809999999999945,12.607658730158727,2.126485224085885,1,0,1,0,1,0,1331.8,,1331.8,,1331.8,
2018-04-11,1339.54,1365.2,1339.49,1353.08,14.0,14.0,8.231138251339633,6.507380952380946,1.700858322689632,0.010454939211996297,0.010454939211996297,0.006366756890171042,1.6421137782308861,25.710000000000036,12.75424603174603,2.0157992825296307,0,0,0,0,1,0,,,,,1353.08,
2018-05-15,1314.14,1314.84,1288.66,1290.77,-22.360000000000127,22.360000000000127,8.177115849337238,6.455158730158724,2.7344604640537686,-0.017028017028017123,0.017028017028017123,0.00628398761681815,2.709747069272414,26.179999999999836,12.808650793650795,2.043931122938973,1,0,1,0,1,0,1290.77,,1290.77,,1290.77,
2018-06-15,1302.16,1303.07,1275.33,1280.19,-22.059999999999945,22.059999999999945,8.087800558332981,6.264365079365072,2.72756478611125,-0.01693991169130347,0.01693991169130347,0.0062044755140832405,2.730272954233179,27.74000000000001,12.694206349206349,2.185248863686097,1,0,1,0,1,0,1280.19,,1280.19,,1280.19,
2018-08-24,1185.3,1208.49,1183.18,1205.88,20.610000000000127,20.610000000000127,8.024161871987967,6.184404761904765,2.568492551471179,0.017388443139537933,0.017388443139537933,0.006195884331710453,2.8064505740599635,25.309999999999945,12.524880952380952,2.0207776901215633,1,0,1,0,1,0,1205.88,,1205.88,,1205.88,
2018-10-11,1194.18,1226.3,1191.22,1224.82,30.789999999999964,30.789999999999964,7.958186290820146,5.967857142857143,3.8689720088001156,0.025786621776672247,0.025786621776672247,0.0062366909674305155,4.134664024774696,35.07999999999993,12.377420634920632,2.8341930871306187,1,1,1,1,1,0,1224.82,1224.82,1224.82,1224.82,1224.82,
2019-03-01,1314.15,1315.17,1290.12,1293.42,-19.659999999999854,19.659999999999854,7.6388860608354765,5.687142857142859,2.5736736800927766,-0.01497243123038951,0.01497243123038951,0.006060733458074306,2.470399223784169,25.050000000000182,11.682698412698404,2.1441964103748763,1,0,1,0,1,0,1293.42,,1293.42,,1293.42,
2019-03-28,1309.31,1312.24,1288.48,1289.87,-19.76000000000022,19.76000000000022,7.461235758069871,5.600793650793651,2.6483548624808346,-0.015088231027084151,0.015088231027084151,0.005942707355046157,2.5389490219928494,23.75999999999999,11.518412698412689,2.062784224016758,1,0,1,0,1,0,1289.87,,1289.87,,1289.87,
2019-06-20,1359.47,1393.9,1357.65,1388.35,28.70999999999981,28.70999999999981,7.624438223414532,5.767976190476191,3.7655233288967893,0.02111588361625122,0.02111588361625122,0.006062427081553776,3.483074242740302,36.25,11.623769841269834,3.1186095814884,1,1,1,1,1,1,1388.35,1388.35,1388.35,1388.35,1388.35,1388.35
2019-06-21,1387.4,1411.76,1382.48,1398.68,10.330000000000155,10.330000000000155,7.645061684454172,5.790714285714286,1.3511990388521864,0.007440486908920773,0.007440486908920773,0.006075035467292069,1.2247643571762308,29.279999999999973,11.701944444444438,2.5021482659576986,0,0,0,0,1,0,,,,,1398.68,
2019-06-25,1418.0,1439.21,1411.82,1423.19,4.080000000000155,4.080000000000155,7.683861889729737,5.798531746031748,0.5309829950813522,0.0028750413991869236,0.0028750413991869236,0.006088545503730865,0.4722049621580705,27.3900000000001,11.7647619047619,2.3281389136242305,0,0,0,0,1,0,,,,,1423.19,
2019-07-02,1383.94,1420.97,1383.74,1418.0,34.25,34.25,8.197834478270343,6.055833333333334,4.177932610225914,0.024751580849141825,0.024751580849141825,0.006422086426289206,3.854133875841301,37.23000000000002,11.997380952380945,3.1031772807557236,1,1,1,1,1,1,1418.0,1418.0,1418.0,1418.0,1418.0,1418.0
2019-07-03,1422.59,1437.73,1411.96,1418.41,0.41000000000008185,0.41000000000008185,8.147158325829013,6.002896825396825,0.0503242951226632,0.00028913963328637646,0.00028913963328637646,0.006381146452596395,0.04531154948946984,25.769999999999982,12.038412698412692,2.1406476622451938,0,0,0,0,1,0,,,,,1418.41,
2019-07-05,1416.39,1424.15,1386.63,1398.09,-17.200000000000045,17.200000000000045,8.213815255376314,6.041309523809523,2.0940329755702582,-0.01215298631375905,0.01215298631375905,0.006421484264041407,1.8925509763860235,37.51999999999998,12.157460317460309,3.086170879465219,1,0,0,0,1,1,1398.09,,,,1398.09,1398.09
2019-07-10,1395.68,1418.55,1389.81,1417.87,20.3599999999999,20.3599999999999,8.261823026972927,6.086547619047619,2.464347146329478,0.014568768738685161,0.014568768738685161,0.006444025582956826,2.260817954729521,28.74000000000001,12.254920634920627,2.3451804263917335,1,0,1,0,1,0,1417.87,,1417.87,,1417.87,
2019-07-11,1419.07,1427.07,1400.73,1403.73,-14.139999999999873,14.139999999999873,8.30808486633783,6.124246031746032,1.7019566154519465,-0.00997270553717892,0.00997270553717892,0.006472512959122217,1.540777994600012,26.339999999999918,12.289880952380944,2.143226618879251,0,0,0,0,1,0,,,,,1403.73,
2019-07-17,1406.48,1426.75,1400.01,1426.21,20.3900000000001,20.3900000000001,8.404274707094286,6.193492063492064,2.4261463018085694,0.014503990553556004,0.014503990553556004,0.006526309250024657,2.2223878761952944,26.74000000000001,12.362341269841261,2.163020694569724,1,0,1,0,1,0,1426.21,,1426.21,,1426.21,
2019-07-18,1426.3,1448.07,1414.56,1445.65,19.440000000000055,19.440000000000055,8.464508966962732,6.2359920634920645,2.2966482847233123,0.01363053126818635,0.01363053126818635,0.006559443117007028,2.078001291427579,33.50999999999999,12.444166666666657,2.6928279649099323,1,0,1,0,1,0,1445.65,,1445.65,,1445.65,
2019-07-19,1448.13,1452.92,1420.13,1424.96,-20.690000000000055,20.690000000000055,8.57275892673698,6.317976190476191,2.4134587449404945,-0.014311901220904128,0.014311901220904128,0.006627005196707228,2.159633317929992,32.789999999999964,12.535357142857134,2.615801019972078,1,0,1,0,1,0,1424.96,,1424.96,,1424.96,
2019-08-01,1415.85,1445.95,1400.44,1444.89,32.66000000000008,32.66000000000008,8.90409274192249,6.5324206349206335,3.667976170803948,0.02312654454302775,0.02312654454302775,0.006827700201051169,3.3871646179583674,45.50999999999999,12.813214285714277,3.551801990132956,1,1,1,1,1,1,1444.89,1444.89,1444.89,1444.89,1444.89,1444.89
2019-08-05,1440.29,1469.72,1436.67,1463.72,23.40000000000009,23.40000000000009,8.943961222945546,6.569920634920634,2.616290412794711,0.0162463896911798,0.0162463896911798,0.006832077002572261,2.3779576379281253,33.049999999999955,12.88107142857142,2.565780353231484,1,0,1,0,1,0,1463.72,,1463.72,,1463.72,
2019-08-07,1474.58,1510.33,1472.18,1501.25,26.980000000000018,26.980000000000018,9.017954342581485,6.641190476190476,2.9918093366922847,0.018300582661249308,0.018300582661249308,0.006846709400052375,2.6729019141822077,38.149999999999864,12.993611111111104,2.9360583192594563,1,0,1,0,1,0,1501.25,,1501.25,,1501.25,
2019-08-12,1496.05,1519.99,1487.2,1511.72,14.700000000000045,14.700000000000045,9.040217024356604,6.648253968253969,1.6260671575023666,0.009819508089404313,0.009819508089404313,0.006850138107552954,1.4334759292775916,32.789999999999964,13.082301587301577,2.506439694971395,0,0,0,0,1,0,,,,,1511.72,
2019-08-13,1510.51,1534.95,1479.77,1501.35,-10.370000000000118,10.370000000000118,9.065404779673415,6.66654761904762,1.1439092078107627,-0.006859735929934193,0.006859735929934193,0.006863456441223476,0.9994579245426638,55.180000000000064,13.2645238095238,4.159968408393324,0,0,0,0,1,1,,,,,1501.35,1501.35
2019-08-14,1501.62,1524.03,1493.78,1516.18,14.830000000000155,14.830000000000155,9.105060442894011,6.722619047619049,1.6287645856952149,0.009877776667665872,0.009877776667665872,0.006885890636977585,1.4344951420839747,30.25,13.348928571428562,2.2660994729379045,0,0,0,0,1,0,,,,,1516.18,
2019-08-23,1498.54,1530.2,1493.47,1526.25,28.089999999999918,28.089999999999918,9.24895736482597,6.8178968253968275,3.037099090414984,0.018749666257275536,0.018749666257275536,0.006915423047293371,2.7112826112082864,36.73000000000002,13.54404761904761,2.711892414520527,1,1,1,0,1,0,1526.25,1526.25,1526.25,,1526.25,
2019-08-26,1545.74,1555.21,1524.93,1527.38,1.1300000000001091,1.1300000000001091,9.24881724429272,6.820515873015875,0.12217778448346052,0.0007403767403768119,0.0007403767403768119,0.006915340469631875,0.10706294847348628,30.279999999999973,13.631507936507925,2.2213243128373223,0,0,0,0,1,0,,,,,1527.38,
2019-08-29,1539.02,1550.3,1519.52,1526.87,-14.1400000000001,14.1400000000001,9.31038401036927,6.867539682539686,1.5187343491151313,-0.00917580028682494,0.00917580028682494,0.006938818637337404,1.3223865280828153,30.779999999999973,13.76515873015872,2.236080280902439,0,0,0,0,1,0,,,,,1526.87,
2019-09-03,1526.91,1549.68,1521.61,1548.7,19.74000000000001,19.74000000000001,9.398190147476516,6.9757539682539695,2.1004044066186878,0.012910736709920474,0.012910736709920474,0.006986130608646685,1.8480525820603675,28.070000000000164,13.884285714285705,2.0217100524745475,1,0,0,0,1,0,1548.7,,,,1548.7,
2019-09-05,1551.44,1552.95,1506.19,1518.89,-33.70999999999981,33.70999999999981,9.640116680284434,7.075436507936509,3.4968456418107574,-0.021711967023057974,0.021711967023057974,0.007117198788041152,3.0506337773703947,46.75999999999999,14.049484126984117,3.328236081650178,1,1,1,1,1,1,1518.89,1518.89,1518.89,1518.89,1518.89,1518.89
2019-09-12,1496.74,1524.13,1489.16,1498.97,2.4500000000000455,2.4500000000000455,9.72210036248171,7.1511111111111125,0.25200315864406964,0.0016371314783631661,0.0016371314783631661,0.007156012207346236,0.22877706618254728,34.97000000000003,14.272460317460306,2.4501732162617578,0,0,0,0,1,0,,,,,1498.97,
2019-09-25,1533.29,1535.08,1500.4,1503.64,-27.529999999999973,27.529999999999973,9.902221655708145,7.292261904761907,2.7801841806005503,-0.017979714858572183,0.017979714858572183,0.007218774930965004,2.490687828685173,34.679999999999836,14.55083333333332,2.3833686501345763,1,0,1,0,1,0,1503.64,,1503.64,,1503.64,
2019-09-30,1496.25,1500.41,1464.43,1472.29,-24.319999999999936,24.319999999999936,9.996729856995438,7.341865079365082,2.4327955589378525,-0.016250058465465244,0.016250058465465244,0.007261021036664482,2.2379853168598016,35.98000000000002,14.663809523809512,2.4536598038578976,1,0,1,0,1,0,1472.29,,1472.29,,1472.29,
2019-10-02,1480.06,1505.02,1474.44,1499.92,20.539999999999964,20.539999999999964,10.075855082448783,7.427420634920638,2.0385366633327986,0.013884194730224798,0.013884194730224798,0.007308896612020343,1.899629378720531,30.579999999999927,14.82488095238094,2.062748436107249,1,0,0,0,1,0,1499.92,,,,1499.92,
2019-11-07,1489.79,1492.21,1460.46,1468.52,-21.62000000000012,21.62000000000012,10.200474383562675,7.607579365079369,2.1195092685923687,-0.014508703880172412,0.014508703880172412,0.007253032134054918,2.0003639322167324,31.75,15.347460317460312,2.0687461862259418,1,0,1,0,1,0,1468.52,,1468.52,,1468.52,
2020-01-08,1575.99,1611.35,1552.22,1556.36,-16.88000000000011,16.88000000000011,10.417621041918446,7.783095238095239,1.6203315451846758,-0.010729450052121805,0.010729450052121805,0.007307175646877246,1.4683443467938373,59.12999999999988,15.895436507936498,3.7199355909777387,0,0,0,0,1,1,,,,,1556.36,1556.36
2020-02-24,1659.37,1689.25,1650.83,1658.5,14.769999999999982,14.769999999999982,10.637275405519388,8.075317460317462,1.3885134526399718,0.008985660662030858,0.008985660662030858,0.007318497013676382,1.227801370314011,38.42000000000007,16.528214285714277,2.32451003694981,0,0,0,0,1,0,,,,,1658.5,
2020-02-25,1657.47,1658.77,1624.98,1635.26,-23.24000000000001,23.24000000000001,10.750582443751998,8.16388888888889,2.1617433401021526,-0.014012662044015682,0.014012662044015682,0.007379613924984124,1.8988340293216392,33.789999999999964,16.62888888888888,2.0320058799946534,1,0,0,0,1,0,1635.26,,,,1635.26,
2020-02-28,1641.91,1649.46,1562.93,1584.7,-59.52999999999997,59.52999999999997,11.393104767391153,8.376388888888888,5.225090194060546,-0.0362053970551565,0.0362053970551565,0.007721183348504045,4.689099509879037,86.52999999999997,17.06563492063491,5.070423714231238,1,1,1,1,1,1,1584.7,1584.7,1584.7,1584.7,1584.7,1584.7
2020-03-02,1581.79,1610.94,1575.31,1589.75,5.0499999999999545,5.0499999999999545,11.38921288882722,8.376746031746032,0.44340201990200634,0.003186723039060992,0.003186723039060992,0.007717016482096826,0.4129475486354168,35.63000000000011,17.17281746031745,2.0747905858973397,0,0,0,0,1,0,,,,,1589.75,
2020-03-03,1590.45,1649.29,1589.58,1639.48,49.73000000000002,49.73000000000002,11.785569443401092,8.54281746031746,4.2195670085202845,0.031281648057870745,0.031281648057870745,0.007944970446667988,3.9372894169782393,59.710000000000036,17.369166666666654,3.4377009067792588,1,1,1,1,1,1,1639.48,1639.48,1639.48,1639.48,1639.48,1639.48
2020-03-05,1636.57,1674.57,1634.97,1671.58,35.84999999999991,35.84999999999991,11.946941731118617,8.616746031746032,3.0007679627849995,0.02191682001308279,0.02191682001308279,0.008020483164492541,2.732605949490759,39.59999999999991,17.500198412698403,2.2628314871713435,1,1,1,0,1,0,1671.58,1671.58,1671.58,,1671.58,
2020-03-06,1671.61,1692.09,1641.97,1674.06,2.480000000000018,2.480000000000018,11.943942259580087,8.603412698412699,0.20763663672359445,0.001483626269756768,0.001483626269756768,0.008017542250059448,0.18504751499697644,50.11999999999989,17.649761904761892,2.8396983636633397,0,0,0,0,1,0,,,,,1674.06,
2020-03-09,1695.92,1703.44,1657.41,1678.15,4.0900000000001455,4.0900000000001455,11.945076671215272,8.61373015873016,0.3424004811836872,0.0024431621327790794,0.0024431621327790794,0.008018033385583108,0.30470840108648434,46.02999999999997,17.798531746031735,2.586168379325029,0,0,0,0,1,0,,,,,1678.15,
2020-03-11,1651.93,1671.24,1632.94,1636.63,-12.739999999999782,12.739999999999782,12.124893694595,8.743055555555557,1.0507308617212028,-0.007724161346453363,0.007724161346453363,0.008114239281389364,0.9519267399680121,38.299999999999955,17.96210317460317,2.1322670083619597,0,0,0,0,1,0,,,,,1636.63,
2020-03-12,1640.1,1650.07,1560.59,1578.63,-58.0,58.0,12.684390470913636,8.961071428571431,4.572549239397733,-0.0354386758155478,0.0354386758155478,0.008428842961347183,4.204453206455709,89.48000000000002,18.248968253968243,4.903290901420828,1,1,1,1,1,1,1578.63,1578.63,1578.63,1578.63,1578.63,1578.63
2020-03-13,1576.3,1597.91,1504.62,1529.78,-48.850000000000136,48.850000000000136,13.067069570861461,9.139880952380954,3.7384051362925166,-0.03094455318852431,0.03094455318852431,0.008661334181977565,3.5727236172128642,93.29000000000019,18.586904761904755,5.019125088067648,1,1,1,1,1,1,1529.78,1529.78,1529.78,1529.78,1529.78,1529.78
2020-03-16,1543.04,1562.94,1451.13,1509.09,-20.690000000000055,20.690000000000055,13.127243495818915,9.186507936507939,1.5761115428833106,-0.01352482056243385,0.01352482056243385,0.008698308369688877,1.5548794073068266,111.80999999999995,18.97670634920634,5.89196027711501,0,0,0,0,1,1,,,,,1509.09,1509.09
2020-03-17,1511.75,1553.85,1465.42,1527.8,18.710000000000036,18.710000000000036,13.166891756659494,9.233333333333334,1.4209883658029598,0.012398200239879687,0.012398200239879687,0.008722392918180635,1.421421891467115,88.42999999999984,19.285634920634912,4.585278128716572,0,0,0,0,1,1,,,,,1527.8,1527.8
2020-03-18,1537.29,1543.29,1472.61,1484.63,-43.169999999999845,43.169999999999845,13.450048626553809,9.38293650793651,3.209653823464349,-0.02825631627176322,0.02825631627176322,0.008905309615824064,3.172974044782663,70.68000000000006,19.521468253968244,3.6206293031074916,1,1,1,1,1,1,1484.63,1484.63,1484.63,1484.63,1484.63,1484.63
2020-03-20,1467.47,1515.93,1465.83,1498.64,24.300000000000182,24.300000000000182,13.487469985405776,9.432698412698414,1.8016722206829145,0.016481951245981376,0.016481951245981376,0.008919220493583659,1.8479138684639786,50.100000000000136,19.728492063492055,2.539474372332345,0,0,0,0,1,0,,,,,1498.64,
2020-03-23,1490.2,1561.08,1485.0,1552.39,53.75,53.75,13.888520145127135,9.62670634920635,3.8701027494897278,0.03586585170554636,0.03586585170554636,0.009186832901797237,3.9040496424540234,76.07999999999993,19.988333333333323,3.806220295172182,1,1,1,1,1,1,1552.39,1552.39,1552.39,1552.39,1552.39,1552.39
2020-03-24,1563.45,1632.3,1557.62,1625.33,72.93999999999983,72.93999999999983,14.606298321372991,9.896150793650795,4.993736153756955,0.04698561572800638,0.04698561572800638,0.0096350070768581,4.876552279952037,74.68000000000006,20.25623015873015,3.686766955884633,1,1,1,1,1,1,1625.33,1625.33,1625.33,1625.33,1625.33,1625.33
2020-03-25,1630.56,1638.85,1594.95,1616.35,-8.980000000000018,8.980000000000018,14.618560708455808,9.921150793650796,0.614287560799725,-0.005525031839687952,0.005525031839687952,0.009641781817193539,0.5730301664610928,43.899999999999864,20.40591269841269,2.1513372446905894,0,0,0,0,1,0,,,,,1616.35,
2020-03-26,1612.4,1644.37,1595.26,1628.93,12.580000000000155,12.580000000000155,14.63557160846544,9.96027777777778,0.8595496190065913,0.007782967797816163,0.007782967797816163,0.009651136801414136,0.8064301602973611,49.1099999999999,20.54734126984126,2.3900902484197313,0,0,0,0,1,0,,,,,1628.93,
2020-03-31,1621.75,1622.22,1574.19,1576.78,-43.52999999999997,43.52999999999997,14.907532995481938,10.114444444444445,2.9200002450568254,-0.02686522949312167,0.02686522949312167,0.00980778326906144,2.7391744654337726,48.02999999999997,20.76984126984126,2.3124875811998473,1,0,1,0,1,0,1576.78,,1576.78,,1576.78,
2020-04-06,1614.62,1669.88,1608.35,1658.19,42.49000000000001,42.49000000000001,15.162474578522353,10.340634920634923,2.802313024826904,0.026298198923067406,0.026298198923067406,0.009942686149507345,2.6449792870481454,61.5300000000002,21.188214285714277,2.90397289598329,1,0,1,0,1,0,1658.19,,1658.19,,1658.19,
2020-04-09,1645.41,1690.43,1643.86,1683.56,38.159999999999854,38.159999999999854,15.335178032929717,10.48123015873016,2.4883962819380168,0.023191929014221378,0.023191929014221378,0.010031469818655228,2.311917339480206,46.570000000000164,21.444365079365067,2.1716660683422306,1,0,1,0,1,0,1683.56,,1683.56,,1683.56,
2020-04-13,1677.47,1723.27,1674.98,1711.98,28.420000000000073,28.420000000000073,15.427025296694026,10.590952380952382,1.8422216502160276,0.01688089524578873,0.01688089524578873,0.010079627502713542,1.6747538776848863,48.289999999999964,21.61206349206348,2.2344002467757567,0,0,0,0,1,0,,,,,1711.98,
2020-07-28,1943.28,1981.16,1906.63,1957.98,17.019999999999982,17.019999999999982,16.186229580098853,11.614722222222223,1.0515110956368898,0.008768856648256523,0.008768856648256523,0.01008038922785307,0.8698926648613272,74.52999999999997,24.280198412698404,3.0695795286838026,0,0,0,0,1,1,,,,,1957.98,1957.98
2020-08-04,1977.36,2019.82,1966.66,2018.53,42.549999999999955,42.549999999999955,16.340400408748994,11.737063492063491,2.6039753577407927,0.02153361876132347,0.02153361876132347,0.010103560463809627,2.1312901366261583,53.159999999999854,24.353928571428565,2.182810048246831,1,0,1,0,1,0,2018.53,,2018.53,,2018.53,
2020-08-07,2066.55,2074.87,2015.37,2033.15,-30.09999999999991,30.09999999999991,16.521885270845786,11.901468253968252,1.8218259905916314,-0.014588634435962635,0.014588634435962635,0.010158821685886924,1.4360557638520026,59.5,24.62071428571428,2.416664249035366,0,0,0,0,1,0,,,,,2033.15,
2020-08-11,2026.64,2029.92,1901.25,1912.57,-115.03999999999996,115.03999999999996,18.053367507420777,12.269325396825396,6.372218366059028,-0.05673674917760317,0.05673674917760317,0.010763618931704496,5.27115922048148,128.67000000000007,25.112896825396817,5.1236621921639625,1,1,1,1,1,1,1912.57,1912.57,1912.57,1912.57,1912.57,1912.57
2020-08-12,1915.36,1949.48,1862.58,1918.98,6.410000000000082,6.410000000000082,18.050962969581352,12.274722222222222,0.35510570880910436,0.0033515113172328764,0.0033515113172328764,0.010761098809813036,0.3114469420331534,86.90000000000009,25.41170634920634,3.419683779035726,0,0,0,0,1,1,,,,,1918.98,1918.98
2020-08-13,1919.72,1966.16,1912.66,1953.64,34.66000000000008,34.66000000000008,18.16644255099435,12.395793650793651,1.9079134455030078,0.018061678600089674,0.018061678600089674,0.010811698369283002,1.670568118271271,53.5,25.57591269841269,2.0918119572452385,0,0,0,0,1,0,,,,,1953.64,
2020-08-17,1944.91,1990.68,1929.4,1984.43,40.86000000000013,40.86000000000013,18.273035744782746,12.481944444444446,2.236081654449033,0.021023168705011978,0.021023168705011978,0.01083460353274032,1.9403726810569075,61.27999999999997,25.67341269841269,2.386905111519854,1,0,0,0,1,0,1984.43,,,,1984.43,
2020-08-19,2005.1,2006.37,1924.51,1927.66,-74.55999999999995,74.55999999999995,18.902776391842277,12.781468253968255,3.9443941172671977,-0.03723866508175922,0.03723866508175922,0.011096652164603869,3.3558468382511992,81.8599999999999,26.020674603174594,3.1459599433295535,1,1,1,1,1,1,1927.66,1927.66,1927.66,1927.66,1927.66,1927.66
2020-08-27,1951.92,1976.53,1909.79,1928.32,-24.820000000000164,24.820000000000164,18.891316380387224,12.792103174603179,1.3138311539670173,-0.012707742404538416,0.012707742404538416,0.011038814744329046,1.1511872151914448,66.74000000000001,26.40261904761904,2.52777953125141,0,0,0,0,1,0,,,,,1928.32,
2020-09-21,1949.75,1955.62,1882.71,1911.92,-38.5,38.5,19.085026363167678,12.888769841269847,2.017288279690376,-0.01973933819382492,0.01973933819382492,0.011039018265834331,1.788142542975765,72.90999999999985,27.0263492063492,2.6977376575475973,1,0,0,0,1,0,1911.92,,,,1911.92,
2020-11-09,1957.18,1965.46,1850.52,1863.13,-88.67999999999984,88.67999999999984,20.733399191179576,14.156388888888893,4.277156831945153,-0.04543475030868775,0.04543475030868775,0.011718722848152802,3.8771076761022245,114.94000000000005,28.73761904761904,3.9996354537771985,1,1,1,1,1,1,1863.13,1863.13,1863.13,1863.13,1863.13,1863.13
2021-01-08,1916.18,1917.48,1828.27,1849.04,-64.47000000000003,64.47000000000003,22.050950386686566,15.5129761904762,2.9236835088488657,-0.03369201101640442,0.03369201101640442,0.012319379882047067,2.734878812001204,89.21000000000004,31.13912698412698,2.8648844280533106,1,0,1,0,1,0,1849.04,,1849.04,,1849.04,
2021-06-16,1859.13,1862.91,1803.33,1810.21,-48.680000000000064,48.680000000000064,20.0876478393348,14.1148015873016,2.4233797998328557,-0.02618767113707646,0.02618767113707646,0.01059625645572738,2.4714078265746173,59.580000000000155,28.72626984126984,2.0740597484189904,1,0,1,0,1,0,1810.21,,1810.21,,1810.21,
2021-06-17,1813.54,1825.33,1767.3,1772.78,-37.430000000000064,37.430000000000064,20.22646320581442,14.254007936507946,1.8505459713411594,-0.020677159003651545,0.020677159003651545,0.010676995319797204,1.9366084169122106,58.02999999999997,28.902539682539683,2.0077820370594104,0,0,0,0,1,0,,,,,1772.78,
2021-08-09,1761.08,1762.27,1683.2,1729.58,-33.600000000000136,33.600000000000136,18.123307445946725,12.948214285714291,1.853966231065333,-0.01905647750087917,0.01905647750087917,0.009724792749409343,1.9595767222943243,79.06999999999994,27.063492063492063,2.92164809384164,0,0,0,0,1,0,,,,,1729.58,
2021-09-16,1794.12,1796.2,1745.24,1752.72,-41.00999999999999,41.00999999999999,17.275549494943494,12.370079365079368,2.373875286109047,-0.022862972688197217,0.022862972688197217,0.0093848458692093,2.4361585695518184,50.960000000000036,25.378253968253972,2.008018363428258,1,0,1,0,1,0,1752.72,,1752.72,,1752.72,
2022-02-24,1909.79,1974.52,1878.0,1903.77,-4.309999999999945,4.309999999999945,13.931034232379261,10.399801587301587,0.3093811936792468,-0.00225881514401909,0.00225881514401909,0.0077494272414570095,0.29148156033198636,96.51999999999998,22.341746031746037,4.320163691004808,0,0,0,0,1,1,,,,,1903.77,1903.77
2022-03-01,1908.3,1950.17,1901.39,1945.17,36.91000000000008,36.91000000000008,13.99330764419256,10.44111111111111,2.6376894540239957,0.0193422279982812,0.0193422279982812,0.007751031753672231,2.495439138036994,48.77999999999997,22.448373015873024,2.172985987247633,1,0,1,0,1,0,1945.17,,1945.17,,1945.17,
2022-03-08,1997.23,2070.3,1981.08,2050.15,52.91000000000008,52.91000000000008,14.638584637937154,10.89138888888889,3.614420472241507,0.026491558350523765,0.026491558350523765,0.008045463310856968,3.292732478783997,89.22000000000025,22.92607142857144,3.891639275310401,1,1,1,1,1,1,2050.15,2050.15,2050.15,2050.15,2050.15,2050.15
2022-03-09,2050.01,2059.24,1976.04,1992.39,-57.75999999999999,57.75999999999999,15.09181829514306,11.088650793650796,3.8272392941935074,-0.02817354827695534,0.02817354827695534,0.008241635942367473,3.418441250495502,83.19999999999982,23.11253968253969,3.5997774862817455,1,1,1,1,1,1,1992.39,1992.39,1992.39,1992.39,1992.39,1992.39
2022-03-15,1953.28,1954.5,1907.05,1917.56,-33.88000000000011,33.88000000000011,15.384729129845715,11.280039682539686,2.20218371828688,-0.017361538146189535,0.017361538146189535,0.008375858069675592,2.072807108449722,47.450000000000045,23.48075396825398,2.0208039343264925,1,0,1,0,1,0,1917.56,,1917.56,,1917.56,
2022-06-10,1847.73,1876.0,1825.13,1871.57,23.62999999999988,23.62999999999988,15.207105193886093,11.249365079365074,1.5538789071769,0.012787211706007707,0.012787211706007707,0.008174289762801873,1.5643208250577942,50.86999999999989,23.943333333333335,2.1245997494083206,0,0,0,0,1,0,,,,,1871.57,
2022-06-13,1878.2,1878.78,1819.06,1819.11,-52.460000000000036,52.460000000000036,15.56382910750759,11.439206349206344,3.370635827316729,-0.028029942775317,0.028029942775317,0.00836408245239139,3.3512274579864894,59.72000000000003,24.11027777777778,2.476951968386005,1,1,1,1,1,0,1819.11,1819.11,1819.11,1819.11,1819.11,
2022-11-04,1629.05,1681.72,1628.77,1680.61,51.149999999999864,51.149999999999864,16.244456519540872,12.272222222222217,3.1487664692549253,0.03139076749352538,0.03139076749352538,0.008921149891412903,3.518690737809564,52.950000000000045,25.19753968253968,2.101395638904027,1,1,1,1,1,0,1680.61,1680.61,1680.61,1680.61,1680.61,
2022-11-08,1674.26,1716.88,1664.71,1712.34,37.12999999999988,37.12999999999988,16.364048179802552,12.321388888888883,2.268998452707311,0.022164385360641282,0.022164385360641282,0.00900500812458492,2.4613398515576503,52.17000000000007,25.281309523809522,2.0635798138093766,1,0,1,0,1,0,1712.34,,1712.34,,1712.34,
2022-11-10,1705.82,1757.19,1703.71,1754.9,47.87000000000012,47.87000000000012,16.622145595608497,12.4463492063492,2.879892955133733,0.028042858063420162,0.028042858063420162,0.009167692951671857,3.0588784126224637,53.48000000000002,25.420277777777773,2.103832242413647,1,0,1,1,1,0,1754.9,,1754.9,1754.9,1754.9,
2023-02-03,1913.03,1918.6,1861.44,1865.75,-46.76999999999998,46.76999999999998,17.47066620889202,13.300198412698407,2.677058758995437,-0.024454646225921813,0.024454646225921813,0.009607355739368802,2.545408631608396,57.159999999999854,26.43730158730158,2.162096604725161,1,0,1,0,1,0,1865.75,,1865.75,,1865.75,
